/*M!999999\- enable the sandbox mode */ 
-- MariaDB dump 10.19-11.7.2-MariaDB, for debian-linux-gnu (x86_64)
--
-- Host: localhost    Database: motorsports
-- ------------------------------------------------------
-- Server version	11.7.2-MariaDB-ubu2404

/*!40101 SET @OLD_CHARACTER_SET_CLIENT=@@CHARACTER_SET_CLIENT */;
/*!40101 SET @OLD_CHARACTER_SET_RESULTS=@@CHARACTER_SET_RESULTS */;
/*!40101 SET @OLD_COLLATION_CONNECTION=@@COLLATION_CONNECTION */;
/*!40101 SET NAMES utf8mb4 */;
/*!40103 SET @OLD_TIME_ZONE=@@TIME_ZONE */;
/*!40103 SET TIME_ZONE='+00:00' */;
/*!40014 SET @OLD_UNIQUE_CHECKS=@@UNIQUE_CHECKS, UNIQUE_CHECKS=0 */;
/*!40014 SET @OLD_FOREIGN_KEY_CHECKS=@@FOREIGN_KEY_CHECKS, FOREIGN_KEY_CHECKS=0 */;
/*!40101 SET @OLD_SQL_MODE=@@SQL_MODE, SQL_MODE='NO_AUTO_VALUE_ON_ZERO' */;
/*M!100616 SET @OLD_NOTE_VERBOSITY=@@NOTE_VERBOSITY, NOTE_VERBOSITY=0 */;

--
-- Table structure for table `Country`
--

DROP TABLE IF EXISTS `Country`;
/*!40101 SET @saved_cs_client     = @@character_set_client */;
/*!40101 SET character_set_client = utf8mb4 */;
CREATE TABLE `Country` (
  `ISO` char(2) NOT NULL,
  `Name` varchar(80) DEFAULT NULL,
  `NiceName` varchar(80) DEFAULT NULL,
  `ISO3` char(3) DEFAULT NULL,
  `NumCode` smallint(6) DEFAULT NULL,
  `PhoneCode` smallint(6) DEFAULT NULL,
  PRIMARY KEY (`ISO`)
) ENGINE=InnoDB DEFAULT CHARSET=utf8mb4 COLLATE=utf8mb4_uca1400_ai_ci;
/*!40101 SET character_set_client = @saved_cs_client */;

--
-- Dumping data for table `Country`
--

LOCK TABLES `Country` WRITE;
/*!40000 ALTER TABLE `Country` DISABLE KEYS */;
INSERT INTO `Country` VALUES
('AD','ANDORRA','Andorra','AND',20,376),
('AE','UNITED ARAB EMIRATES','United Arab Emirates','ARE',784,971),
('AF','AFGHANISTAN','Afghanistan','AFG',4,93),
('AG','ANTIGUA AND BARBUDA','Antigua and Barbuda','ATG',28,1268),
('AI','ANGUILLA','Anguilla','AIA',660,1264),
('AL','ALBANIA','Albania','ALB',8,355),
('AM','ARMENIA','Armenia','ARM',51,374),
('AN','NETHERLANDS ANTILLES','Netherlands Antilles','ANT',530,599),
('AO','ANGOLA','Angola','AGO',24,244),
('AP','ASIA PACIFIC REGION','Asia / Pacific Region','0',0,0),
('AQ','ANTARCTICA','Antarctica',NULL,NULL,0),
('AR','ARGENTINA','Argentina','ARG',32,54),
('AS','AMERICAN SAMOA','American Samoa','ASM',16,1684),
('AT','AUSTRIA','Austria','AUT',40,43),
('AU','AUSTRALIA','Australia','AUS',36,61),
('AW','ARUBA','Aruba','ABW',533,297),
('AX','ALAND ISLANDS','Aland Islands','ALA',248,358),
('AZ','AZERBAIJAN','Azerbaijan','AZE',31,994),
('BA','BOSNIA AND HERZEGOVINA','Bosnia and Herzegovina','BIH',70,387),
('BB','BARBADOS','Barbados','BRB',52,1246),
('BD','BANGLADESH','Bangladesh','BGD',50,880),
('BE','BELGIUM','Belgium','BEL',56,32),
('BF','BURKINA FASO','Burkina Faso','BFA',854,226),
('BG','BULGARIA','Bulgaria','BGR',100,359),
('BH','BAHRAIN','Bahrain','BHR',48,973),
('BI','BURUNDI','Burundi','BDI',108,257),
('BJ','BENIN','Benin','BEN',204,229),
('BL','SAINT BARTHELEMY','Saint Barthelemy','BLM',652,590),
('BM','BERMUDA','Bermuda','BMU',60,1441),
('BN','BRUNEI DARUSSALAM','Brunei Darussalam','BRN',96,673),
('BO','BOLIVIA','Bolivia','BOL',68,591),
('BQ','BONAIRE, SINT EUSTATIUS AND SABA','Bonaire, Sint Eustatius and Saba','BES',535,599),
('BR','BRAZIL','Brazil','BRA',76,55),
('BS','BAHAMAS','Bahamas','BHS',44,1242),
('BT','BHUTAN','Bhutan','BTN',64,975),
('BV','BOUVET ISLAND','Bouvet Island',NULL,NULL,0),
('BW','BOTSWANA','Botswana','BWA',72,267),
('BY','BELARUS','Belarus','BLR',112,375),
('BZ','BELIZE','Belize','BLZ',84,501),
('CA','CANADA','Canada','CAN',124,1),
('CC','COCOS (KEELING) ISLANDS','Cocos (Keeling) Islands',NULL,NULL,672),
('CD','CONGO, THE DEMOCRATIC REPUBLIC OF THE','Congo, the Democratic Republic of the','COD',180,242),
('CF','CENTRAL AFRICAN REPUBLIC','Central African Republic','CAF',140,236),
('CG','CONGO','Congo','COG',178,242),
('CH','SWITZERLAND','Switzerland','CHE',756,41),
('CI','COTE D\'IVOIRE','Cote D\'Ivoire','CIV',384,225),
('CK','COOK ISLANDS','Cook Islands','COK',184,682),
('CL','CHILE','Chile','CHL',152,56),
('CM','CAMEROON','Cameroon','CMR',120,237),
('CN','CHINA','China','CHN',156,86),
('CO','COLOMBIA','Colombia','COL',170,57),
('CR','COSTA RICA','Costa Rica','CRI',188,506),
('CS','SERBIA AND MONTENEGRO','Serbia and Montenegro',NULL,NULL,381),
('CU','CUBA','Cuba','CUB',192,53),
('CV','CAPE VERDE','Cape Verde','CPV',132,238),
('CW','CURACAO','Curacao','CUW',531,599),
('CX','CHRISTMAS ISLAND','Christmas Island',NULL,NULL,61),
('CY','CYPRUS','Cyprus','CYP',196,357),
('CZ','CZECH REPUBLIC','Czech Republic','CZE',203,420),
('DE','GERMANY','Germany','DEU',276,49),
('DJ','DJIBOUTI','Djibouti','DJI',262,253),
('DK','DENMARK','Denmark','DNK',208,45),
('DM','DOMINICA','Dominica','DMA',212,1767),
('DO','DOMINICAN REPUBLIC','Dominican Republic','DOM',214,1809),
('DZ','ALGERIA','Algeria','DZA',12,213),
('EC','ECUADOR','Ecuador','ECU',218,593),
('EE','ESTONIA','Estonia','EST',233,372),
('EG','EGYPT','Egypt','EGY',818,20),
('EH','WESTERN SAHARA','Western Sahara','ESH',732,212),
('ER','ERITREA','Eritrea','ERI',232,291),
('ES','SPAIN','Spain','ESP',724,34),
('ET','ETHIOPIA','Ethiopia','ETH',231,251),
('FI','FINLAND','Finland','FIN',246,358),
('FJ','FIJI','Fiji','FJI',242,679),
('FK','FALKLAND ISLANDS (MALVINAS)','Falkland Islands (Malvinas)','FLK',238,500),
('FM','MICRONESIA, FEDERATED STATES OF','Micronesia, Federated States of','FSM',583,691),
('FO','FAROE ISLANDS','Faroe Islands','FRO',234,298),
('FR','FRANCE','France','FRA',250,33),
('GA','GABON','Gabon','GAB',266,241),
('GB','UNITED KINGDOM','United Kingdom','GBR',826,44),
('GD','GRENADA','Grenada','GRD',308,1473),
('GE','GEORGIA','Georgia','GEO',268,995),
('GF','FRENCH GUIANA','French Guiana','GUF',254,594),
('GG','GUERNSEY','Guernsey','GGY',831,44),
('GH','GHANA','Ghana','GHA',288,233),
('GI','GIBRALTAR','Gibraltar','GIB',292,350),
('GL','GREENLAND','Greenland','GRL',304,299),
('GM','GAMBIA','Gambia','GMB',270,220),
('GN','GUINEA','Guinea','GIN',324,224),
('GP','GUADELOUPE','Guadeloupe','GLP',312,590),
('GQ','EQUATORIAL GUINEA','Equatorial Guinea','GNQ',226,240),
('GR','GREECE','Greece','GRC',300,30),
('GS','SOUTH GEORGIA AND THE SOUTH SANDWICH ISLANDS','South Georgia and the South Sandwich Islands',NULL,NULL,0),
('GT','GUATEMALA','Guatemala','GTM',320,502),
('GU','GUAM','Guam','GUM',316,1671),
('GW','GUINEA-BISSAU','Guinea-Bissau','GNB',624,245),
('GY','GUYANA','Guyana','GUY',328,592),
('HK','HONG KONG','Hong Kong','HKG',344,852),
('HM','HEARD ISLAND AND MCDONALD ISLANDS','Heard Island and Mcdonald Islands',NULL,NULL,0),
('HN','HONDURAS','Honduras','HND',340,504),
('HR','CROATIA','Croatia','HRV',191,385),
('HT','HAITI','Haiti','HTI',332,509),
('HU','HUNGARY','Hungary','HUN',348,36),
('ID','INDONESIA','Indonesia','IDN',360,62),
('IE','IRELAND','Ireland','IRL',372,353),
('IL','ISRAEL','Israel','ISR',376,972),
('IM','ISLE OF MAN','Isle of Man','IMN',833,44),
('IN','INDIA','India','IND',356,91),
('IO','BRITISH INDIAN OCEAN TERRITORY','British Indian Ocean Territory',NULL,NULL,246),
('IQ','IRAQ','Iraq','IRQ',368,964),
('IR','IRAN, ISLAMIC REPUBLIC OF','Iran, Islamic Republic of','IRN',364,98),
('IS','ICELAND','Iceland','ISL',352,354),
('IT','ITALY','Italy','ITA',380,39),
('JE','JERSEY','Jersey','JEY',832,44),
('JM','JAMAICA','Jamaica','JAM',388,1876),
('JO','JORDAN','Jordan','JOR',400,962),
('JP','JAPAN','Japan','JPN',392,81),
('KE','KENYA','Kenya','KEN',404,254),
('KG','KYRGYZSTAN','Kyrgyzstan','KGZ',417,996),
('KH','CAMBODIA','Cambodia','KHM',116,855),
('KI','KIRIBATI','Kiribati','KIR',296,686),
('KM','COMOROS','Comoros','COM',174,269),
('KN','SAINT KITTS AND NEVIS','Saint Kitts and Nevis','KNA',659,1869),
('KP','KOREA, DEMOCRATIC PEOPLE\'S REPUBLIC OF','Korea, Democratic People\'s Republic of','PRK',408,850),
('KR','KOREA, REPUBLIC OF','Korea, Republic of','KOR',410,82),
('KW','KUWAIT','Kuwait','KWT',414,965),
('KY','CAYMAN ISLANDS','Cayman Islands','CYM',136,1345),
('KZ','KAZAKHSTAN','Kazakhstan','KAZ',398,7),
('LA','LAO PEOPLE\'S DEMOCRATIC REPUBLIC','Lao People\'s Democratic Republic','LAO',418,856),
('LB','LEBANON','Lebanon','LBN',422,961),
('LC','SAINT LUCIA','Saint Lucia','LCA',662,1758),
('LI','LIECHTENSTEIN','Liechtenstein','LIE',438,423),
('LK','SRI LANKA','Sri Lanka','LKA',144,94),
('LR','LIBERIA','Liberia','LBR',430,231),
('LS','LESOTHO','Lesotho','LSO',426,266),
('LT','LITHUANIA','Lithuania','LTU',440,370),
('LU','LUXEMBOURG','Luxembourg','LUX',442,352),
('LV','LATVIA','Latvia','LVA',428,371),
('LY','LIBYAN ARAB JAMAHIRIYA','Libyan Arab Jamahiriya','LBY',434,218),
('MA','MOROCCO','Morocco','MAR',504,212),
('MC','MONACO','Monaco','MCO',492,377),
('MD','MOLDOVA, REPUBLIC OF','Moldova, Republic of','MDA',498,373),
('ME','MONTENEGRO','Montenegro','MNE',499,382),
('MF','SAINT MARTIN','Saint Martin','MAF',663,590),
('MG','MADAGASCAR','Madagascar','MDG',450,261),
('MH','MARSHALL ISLANDS','Marshall Islands','MHL',584,692),
('MK','MACEDONIA, THE FORMER YUGOSLAV REPUBLIC OF','Macedonia, the Former Yugoslav Republic of','MKD',807,389),
('ML','MALI','Mali','MLI',466,223),
('MM','MYANMAR','Myanmar','MMR',104,95),
('MN','MONGOLIA','Mongolia','MNG',496,976),
('MO','MACAO','Macao','MAC',446,853),
('MP','NORTHERN MARIANA ISLANDS','Northern Mariana Islands','MNP',580,1670),
('MQ','MARTINIQUE','Martinique','MTQ',474,596),
('MR','MAURITANIA','Mauritania','MRT',478,222),
('MS','MONTSERRAT','Montserrat','MSR',500,1664),
('MT','MALTA','Malta','MLT',470,356),
('MU','MAURITIUS','Mauritius','MUS',480,230),
('MV','MALDIVES','Maldives','MDV',462,960),
('MW','MALAWI','Malawi','MWI',454,265),
('MX','MEXICO','Mexico','MEX',484,52),
('MY','MALAYSIA','Malaysia','MYS',458,60),
('MZ','MOZAMBIQUE','Mozambique','MOZ',508,258),
('NA','NAMIBIA','Namibia','NAM',516,264),
('NC','NEW CALEDONIA','New Caledonia','NCL',540,687),
('NE','NIGER','Niger','NER',562,227),
('NF','NORFOLK ISLAND','Norfolk Island','NFK',574,672),
('NG','NIGERIA','Nigeria','NGA',566,234),
('NI','NICARAGUA','Nicaragua','NIC',558,505),
('NL','NETHERLANDS','Netherlands','NLD',528,31),
('NO','NORWAY','Norway','NOR',578,47),
('NP','NEPAL','Nepal','NPL',524,977),
('NR','NAURU','Nauru','NRU',520,674),
('NU','NIUE','Niue','NIU',570,683),
('NZ','NEW ZEALAND','New Zealand','NZL',554,64),
('OM','OMAN','Oman','OMN',512,968),
('PA','PANAMA','Panama','PAN',591,507),
('PE','PERU','Peru','PER',604,51),
('PF','FRENCH POLYNESIA','French Polynesia','PYF',258,689),
('PG','PAPUA NEW GUINEA','Papua New Guinea','PNG',598,675),
('PH','PHILIPPINES','Philippines','PHL',608,63),
('PK','PAKISTAN','Pakistan','PAK',586,92),
('PL','POLAND','Poland','POL',616,48),
('PM','SAINT PIERRE AND MIQUELON','Saint Pierre and Miquelon','SPM',666,508),
('PN','PITCAIRN','Pitcairn','PCN',612,0),
('PR','PUERTO RICO','Puerto Rico','PRI',630,1787),
('PS','PALESTINIAN TERRITORY, OCCUPIED','Palestinian Territory, Occupied',NULL,NULL,970),
('PT','PORTUGAL','Portugal','PRT',620,351),
('PW','PALAU','Palau','PLW',585,680),
('PY','PARAGUAY','Paraguay','PRY',600,595),
('QA','QATAR','Qatar','QAT',634,974),
('RE','REUNION','Reunion','REU',638,262),
('RO','ROMANIA','Romania','ROM',642,40),
('RS','SERBIA','Serbia','SRB',688,381),
('RU','RUSSIAN FEDERATION','Russian Federation','RUS',643,70),
('RW','RWANDA','Rwanda','RWA',646,250),
('SA','SAUDI ARABIA','Saudi Arabia','SAU',682,966),
('SB','SOLOMON ISLANDS','Solomon Islands','SLB',90,677),
('SC','SEYCHELLES','Seychelles','SYC',690,248),
('SD','SUDAN','Sudan','SDN',736,249),
('SE','SWEDEN','Sweden','SWE',752,46),
('SG','SINGAPORE','Singapore','SGP',702,65),
('SH','SAINT HELENA','Saint Helena','SHN',654,290),
('SI','SLOVENIA','Slovenia','SVN',705,386),
('SJ','SVALBARD AND JAN MAYEN','Svalbard and Jan Mayen','SJM',744,47),
('SK','SLOVAKIA','Slovakia','SVK',703,421),
('SL','SIERRA LEONE','Sierra Leone','SLE',694,232),
('SM','SAN MARINO','San Marino','SMR',674,378),
('SN','SENEGAL','Senegal','SEN',686,221),
('SO','SOMALIA','Somalia','SOM',706,252),
('SR','SURINAME','Suriname','SUR',740,597),
('SS','SOUTH SUDAN','South Sudan','SSD',728,211),
('ST','SAO TOME AND PRINCIPE','Sao Tome and Principe','STP',678,239),
('SV','EL SALVADOR','El Salvador','SLV',222,503),
('SX','SINT MAARTEN','Sint Maarten','SXM',534,1),
('SY','SYRIAN ARAB REPUBLIC','Syrian Arab Republic','SYR',760,963),
('SZ','SWAZILAND','Swaziland','SWZ',748,268),
('TC','TURKS AND CAICOS ISLANDS','Turks and Caicos Islands','TCA',796,1649),
('TD','CHAD','Chad','TCD',148,235),
('TF','FRENCH SOUTHERN TERRITORIES','French Southern Territories',NULL,NULL,0),
('TG','TOGO','Togo','TGO',768,228),
('TH','THAILAND','Thailand','THA',764,66),
('TJ','TAJIKISTAN','Tajikistan','TJK',762,992),
('TK','TOKELAU','Tokelau','TKL',772,690),
('TL','TIMOR-LESTE','Timor-Leste',NULL,NULL,670),
('TM','TURKMENISTAN','Turkmenistan','TKM',795,7370),
('TN','TUNISIA','Tunisia','TUN',788,216),
('TO','TONGA','Tonga','TON',776,676),
('TR','TURKEY','Turkey','TUR',792,90),
('TT','TRINIDAD AND TOBAGO','Trinidad and Tobago','TTO',780,1868),
('TV','TUVALU','Tuvalu','TUV',798,688),
('TW','TAIWAN, PROVINCE OF CHINA','Taiwan, Province of China','TWN',158,886),
('TZ','TANZANIA, UNITED REPUBLIC OF','Tanzania, United Republic of','TZA',834,255),
('UA','UKRAINE','Ukraine','UKR',804,380),
('UG','UGANDA','Uganda','UGA',800,256),
('UM','UNITED STATES MINOR OUTLYING ISLANDS','United States Minor Outlying Islands',NULL,NULL,1),
('US','UNITED STATES','United States','USA',840,1),
('UY','URUGUAY','Uruguay','URY',858,598),
('UZ','UZBEKISTAN','Uzbekistan','UZB',860,998),
('VA','HOLY SEE (VATICAN CITY STATE)','Holy See (Vatican City State)','VAT',336,39),
('VC','SAINT VINCENT AND THE GRENADINES','Saint Vincent and the Grenadines','VCT',670,1784),
('VE','VENEZUELA','Venezuela','VEN',862,58),
('VG','VIRGIN ISLANDS, BRITISH','Virgin Islands, British','VGB',92,1284),
('VI','VIRGIN ISLANDS, U.S.','Virgin Islands, U.s.','VIR',850,1340),
('VN','VIETNAM','Vietnam','VNM',704,84),
('VU','VANUATU','Vanuatu','VUT',548,678),
('WF','WALLIS AND FUTUNA','Wallis and Futuna','WLF',876,681),
('WS','SAMOA','Samoa','WSM',882,684),
('XK','KOSOVO','Kosovo','---',0,381),
('YE','YEMEN','Yemen','YEM',887,967),
('YT','MAYOTTE','Mayotte',NULL,NULL,269),
('ZA','SOUTH AFRICA','South Africa','ZAF',710,27),
('ZM','ZAMBIA','Zambia','ZMB',894,260),
('ZW','ZIMBABWE','Zimbabwe','ZWE',716,263);
/*!40000 ALTER TABLE `Country` ENABLE KEYS */;
UNLOCK TABLES;

--
-- Table structure for table `Participant`
--

DROP TABLE IF EXISTS `Participant`;
/*!40101 SET @saved_cs_client     = @@character_set_client */;
/*!40101 SET character_set_client = utf8mb4 */;
CREATE TABLE `Participant` (
  `Id` int(11) NOT NULL AUTO_INCREMENT,
  `Title` varchar(10) NOT NULL,
  `FirstName` varchar(100) NOT NULL,
  `LastName` varchar(100) NOT NULL,
  `Country` char(2) NOT NULL,
  PRIMARY KEY (`Id`),
  KEY `Participant_Country_FK` (`Country`),
  CONSTRAINT `Participant_Country_FK` FOREIGN KEY (`Country`) REFERENCES `Country` (`ISO`)
) ENGINE=InnoDB AUTO_INCREMENT=195 DEFAULT CHARSET=utf8mb4 COLLATE=utf8mb4_uca1400_ai_ci;
/*!40101 SET character_set_client = @saved_cs_client */;

--
-- Dumping data for table `Participant`
--

LOCK TABLES `Participant` WRITE;
/*!40000 ALTER TABLE `Participant` DISABLE KEYS */;
INSERT INTO `Participant` VALUES
(1,'Mr.','Sebastian','Vettel','DE'),
(2,'Mr.','Lewis','Hamilton','GB'),
(3,'Mr.','Stoffel','Vandoorne','BE'),
(4,'Mr.','Denny','Hamlin','US'),
(5,'Mr.','Ricky','Stenhouse Jr.','US'),
(6,'Mr.','Valtteri','Bottas','FI'),
(7,'Mr.','Daniel','Ricciardo','AU'),
(8,'Mr.','Kasey','Kahne','US'),
(9,'Mr.','Martin','Truex Jr.','US'),
(10,'Mr.','Joey','Logano','US'),
(11,'Mr.','Chase','Elliott','US'),
(12,'Mr.','Kurt','Busch','US'),
(13,'Mr.','Brad','Keselowski','US'),
(14,'Mr.','Ryan','Newman','US'),
(15,'Mr.','Kyle','Larson','US'),
(16,'Mr.','Jimmie','Johnson','US'),
(17,'Mr.','Kyle','Busch','US'),
(18,'Mr.','Austin','Dillon','US'),
(19,'Mr.','Ryan','Blaney','US'),
(20,'Mr.','Kevin','Harvick','US'),
(21,'Mr.','Carl','Edwards','US'),
(22,'Mr.','Sébastien','Bourdais','FR'),
(23,'Mr.','James','Hinchcliffe','CA'),
(24,'Mr.','Josef','Newgarden','US'),
(25,'Mr.','Simon','Pagenaud','FR'),
(26,'Mr.','Will','Power','AU'),
(27,'Mr.','Takuma','Sato','JP'),
(28,'Mr.','Graham','Rahal','US'),
(29,'Mr.','Scott','Dixon','NZ'),
(30,'Mr.','Helio','Castroneves','BR'),
(31,'Mr.','Tony','Kanaan','BR'),
(32,'Ms.','Danica','Patrick','US'),
(33,'Mr.','Maverick','Viñales','ES'),
(34,'Mr.','Marc','Marquez','ES'),
(35,'Mr.','Dani','Pedrosa','ES'),
(36,'Mr.','Andrea','Dovizioso','IT'),
(37,'Mr.','Valentino','Rossi','IT'),
(38,'Mr.','Jorge','Lorenzo','ES'),
(39,'Mr.','Jack','Miller','AU'),
(40,'Mr.','Max','Verstappen','NL'),
(41,'Mr.','Sébastien','Buemi','CH'),
(42,'Mr.','Lucas','di Grassi','BR'),
(43,'Mr','Felix','Rosenqvist','SE'),
(44,'Mr.','Sam','Bird','GB'),
(45,'Mr.','Jean-Éric','Vergne','FR'),
(46,'Mr.','Anthony','Davidson','GB'),
(47,'Mr.','Kazuki','Nakajima','JP'),
(48,'Mr.','Earl','Bamber','NZ'),
(49,'Mr.','Timo','Bernhard','DE'),
(50,'Mr.','Brendon','Hartley','NZ'),
(51,'Mr.','Daniel','Suárez','MX'),
(52,'Mr.','Alexander','Rossi','US'),
(53,'Mr.','Matt','Kenseth','US'),
(54,'Mr.','Daniel','Abt','DE'),
(55,'Mr.','Nico','Rosberg','DE'),
(56,'Mr.','Cal','Crutchlow','GB'),
(57,'Mr.','Andrea','Iannone','IT'),
(58,'Mr.','Dale','Earnhardt Jr.','US'),
(59,'Mr.','Tony','Stewart','US'),
(60,'Mr.','Chris','Buescher','US'),
(61,'Mr.','Juan Pablo','Montoya','CO'),
(62,'Mr.','Jérôme','d\'Ambrosio','BE'),
(63,'Mr.','Nicolas',' Prost','FR'),
(64,'Mr.','Romain','Dumas','FR'),
(65,'Mr.','Neel','Jani','CH'),
(66,'Mr.','Marc','Lieb','DE'),
(67,'Mr.','Oliver','Jarvis','GB'),
(68,'Mr.','Loïc','Duval','FR'),
(69,'Mr.','Stéphane','Sarrazin','FR'),
(70,'Mr.','Mike','Conway','GB'),
(71,'Mr.','Kamui','Kobayashi','JP'),
(72,'Mr.','Mark','Webber','AU'),
(73,'Mr.','António','Félix da Costa','PT'),
(74,'Mr.','Nelson','Piquet Jr.','BR'),
(75,'Mr.','Clint','Bowyer','US'),
(76,'Mr.','Jeff','Gordon','US'),
(77,'Mr.','Carlos','Muñoz','CO'),
(78,'Mr.','Ryan','Hunter-Raey','US'),
(79,'Mr.','Marcel','Fässler','CH'),
(80,'Mr','André','Lotterer','DE'),
(81,'Mr.','Benoît','Tréluyer','FR'),
(82,'Mr.','Nick','Tandy','GB'),
(83,'Mr.','Nico','Hülkenberg','DE'),
(84,'Mr.','Robert','Wickens','CA'),
(85,'Mr.','Jamie','McMurray','US'),
(86,'Mr.','Aric','Almirola','US'),
(87,'Mr.','A. J.','Allmendinger','US'),
(88,'Mr.','Ed','Carpenter','US'),
(89,'Mr.','Carlos','Huertas','CO'),
(90,'Mr.','Nicolas','Lapierre','FR'),
(91,'Mr.','Alexander','Wurz','AT'),
(92,'Mr.','Fernando','Alonso','ES'),
(93,'Mr.','Kimi','Räikkönen','FI'),
(94,'Mr.','David','Ragan','US'),
(95,'Mr.','Greg','Biffle','US'),
(96,'Mr.','Brian','Vickers','US'),
(97,'Mr.','Charlie','Kimball','US'),
(98,'Mr.','Jenson','Button','GB'),
(99,'Mr.','Pastor','Maldonado','VE'),
(100,'Mr.','Casey','Stoner','AU'),
(101,'Mr.','Marcos','Ambrose','AU'),
(102,'Mr.','Dario','Franchitti','GB'),
(103,'Mr.','Justin','Wilson','GB'),
(104,'Mr.','Ryan','Briscoe','AU'),
(105,'Mr.','Ben','Spies','US'),
(106,'Mr.','Jeff','Burton','US'),
(107,'Mr.','Trevor','Bayne','US'),
(108,'Mr.','Regan','Smith','US'),
(109,'Mr.','Paul','Menard','US'),
(110,'Mr.','Dan','Wheldon','GB'),
(111,'Mr.','Marco','Andretti','US'),
(112,'Mr.','Thomas','Laurent','FR'),
(113,'Mr.','Mathias','Beche','CH'),
(114,'Mr.','Gustavo','Menezes','US'),
(115,'Mr.','Erik','Jones','US'),
(116,'Mr.','José María','López','AR'),
(117,'Mr.','Edoardo','Mortara','CH'),
(118,'Mr.','Colton','Herta','US'),
(119,'Mr.','Mitch','Evans','NZ'),
(120,'Mr.','Alex','Rins','ES'),
(121,'Mr.','Robin','Frijns','NL'),
(122,'Mr.','Danilo','Petrucci','IT'),
(123,'Mr.','Charles','Leclerc','FR'),
(124,'Mr.','Alex','Bowman','US'),
(125,'Mr.','Norman','Nato','FR'),
(126,'Mr.','Bruno','Senna','BR'),
(127,'Mr.','Justin','Haley','US'),
(128,'Mr.','Alexander','Sims','GB'),
(129,'Mr.','Maximilian','Günther','DE'),
(130,'Mr.','William','Byron','US'),
(131,'Mr.','Cole','Custer','US'),
(132,'Mr.','Matt','Dibenedetto','US'),
(133,'Mr.','Fabio','Quartararo','FR'),
(134,'Mr.','Brad','Binder','ZA'),
(135,'Mr.','Oliver','Rowland','GB'),
(136,'Mr.','Miguel','Oliveira','PT'),
(137,'Mr.','Pierre','Gasly','FR'),
(138,'Mr.','Franco','Morbidelli','IT'),
(139,'Mr.','Joan','Mir','ES'),
(140,'Mr.','Sergio','Pérez','MX'),
(141,'Mr.','Michael','McDowell','US'),
(142,'Mr.','Christopher','Bell','US'),
(143,'Mr.','Nyck','De Vries','NL'),
(144,'Mr.','Álex','Palou','ES'),
(145,'Mr.','Jake','Dennis','GB'),
(146,'Mr.','Patricio','O\'Ward','MX'),
(147,'Mr.','Rinus','van Kalmthout (VeeKay)','NL'),
(148,'Mr.','Esteban','Ocon','FR'),
(149,'Mr.','Alex','Lynn','GB'),
(150,'Mr.','Jorge','Martín','ES'),
(151,'Mr.','Francesco','Bagnaia','IT'),
(152,'Mr.','Marcus','Ericsson','SE'),
(153,'Mr.','Bubba','Wallace','US'),
(154,'Mr.','Pascal','Wehrlein','DE'),
(155,'Mr.','Austin','Cindric','US'),
(156,'Mr.','Scott','McLaughlin','NZ'),
(157,'Mr.','Enea','Bastianini','IT'),
(158,'Mr.','Chase','Briscoe','US'),
(159,'Mr.','André','Negrão','BR'),
(160,'Mr.','Matthieu','Vaxivière','FR'),
(161,'Mr.','Ross','Chastain','US'),
(162,'Mr.','Aleix','Espargaró','ES'),
(163,'Mr.','Carlos','Sainz Jr.','ES'),
(164,'Mr.','Ryō','Hirakawa','JP'),
(165,'Mr.','Nick','Cassidy','NZ'),
(166,'Mr.','George','Russell','GB'),
(168,'Mr.','Tyler','Reddick','US'),
(169,'Mr.','Marco','Bezzecchi','IT'),
(170,'Mr.','Kyle','Kirkwood','US'),
(171,'Mr.','Antonio','Giovinazzi','IT'),
(172,'Mr.','James','Calado','GB'),
(173,'Mr.','Alessandro','Pier Guidi','IT'),
(174,'Mr.','Josh','Berry','US'),
(175,'Mr.','Johann','Zarco','FR'),
(176,'Mr.','Fabio','Di Giannantonio','IT'),
(177,'Mr.','Shane','van Gisbergen','NZ'),
(178,'Mr.','Christian','Lundgaard','DK'),
(179,'Mr.','Laurens','Vanthoor','BE'),
(180,'Mr.','Kévin','Estre','FR'),
(181,'Mr.','Lando','Norris','GB'),
(182,'Mr.','Will','Stevens','GB'),
(183,'Mr.','Callum','Ilott','GB'),
(184,'Mr.','Antonio','Fuoco','IT'),
(185,'Mr.','Miguel','Molina','ES'),
(186,'Mr.','Nicklas','Nielsen','DK'),
(187,'Mr.','Oscar','Piastri','AU'),
(188,'Mr.','Ty','Gibbs','US'),
(189,'Mr.','Robert','Kubica','PL'),
(190,'Mr.','Robert','Shwartzman','IL'),
(191,'Mr.','Yifei','Ye','CN'),
(192,'Mr.','Harrison','Burton','US'),
(193,'Mr.','Álex','Marquez','ES'),
(194,'Mr.','Carson','Hocevar','US');
/*!40000 ALTER TABLE `Participant` ENABLE KEYS */;
UNLOCK TABLES;

--
-- Table structure for table `Round`
--

DROP TABLE IF EXISTS `Round`;
/*!40101 SET @saved_cs_client     = @@character_set_client */;
/*!40101 SET character_set_client = utf8mb4 */;
CREATE TABLE `Round` (
  `Id` int(11) NOT NULL AUTO_INCREMENT,
  `Date` date NOT NULL,
  `Number` smallint(6) NOT NULL,
  `Name` varchar(100) DEFAULT NULL,
  `Season` int(11) NOT NULL,
  `Venue` varchar(100) NOT NULL,
  `Status` varchar(20) NOT NULL DEFAULT 'Scheduled',
  `Rating` decimal(3,1) DEFAULT NULL,
  `Rain` decimal(1,0) DEFAULT NULL,
  `WinningTeam` int(11) DEFAULT NULL,
  `Note` text DEFAULT NULL,
  PRIMARY KEY (`Id`),
  KEY `Round_Season_FK` (`Season`),
  KEY `Round_Status_FK` (`Status`),
  KEY `Round_Team_FK` (`WinningTeam`),
  KEY `Round_Venue_FK` (`Venue`),
  CONSTRAINT `Round_Season_FK` FOREIGN KEY (`Season`) REFERENCES `Season` (`Id`),
  CONSTRAINT `Round_Status_FK` FOREIGN KEY (`Status`) REFERENCES `Status` (`Name`),
  CONSTRAINT `Round_Team_FK` FOREIGN KEY (`WinningTeam`) REFERENCES `Team` (`Id`),
  CONSTRAINT `Round_Venue_FK` FOREIGN KEY (`Venue`) REFERENCES `Venue` (`Name`)
) ENGINE=InnoDB AUTO_INCREMENT=1773 DEFAULT CHARSET=utf8mb4 COLLATE=utf8mb4_uca1400_ai_ci;
/*!40101 SET character_set_client = @saved_cs_client */;

--
-- Dumping data for table `Round`
--

LOCK TABLES `Round` WRITE;
/*!40000 ALTER TABLE `Round` DISABLE KEYS */;
INSERT INTO `Round` VALUES
(1,'2017-03-26',1,'Australian Grand Prix',1,'Albert Park, Melbourne','Finished',7.0,0,1,NULL),
(2,'2017-04-09',2,'Chinese Grand Prix',1,'Shanghai International Circuit','Finished',7.0,4,2,NULL),
(3,'2017-07-02',17,'Coke 400',3,'Daytona International Speedway','Finished',7.0,0,6,NULL),
(6,'2018-03-25',1,'Australian Grand Prix',6,'Albert Park, Melbourne','Finished',6.0,0,1,NULL),
(7,'2018-04-08',2,'Bahrain Grand Prix',6,'Bahrain International Circuit, Sakhir','Finished',9.0,0,1,NULL),
(8,'2017-07-16',19,NULL,3,'New Hampshire Motor Speedway, Loudon','Finished',7.0,0,5,NULL),
(9,'2017-04-16',3,'Bahrain Grand Prix',1,'Bahrain International Circuit, Sakhir','Finished',8.0,0,1,NULL),
(10,'2017-04-30',4,'Russian Grand Prix',1,'Sochi Autodrom','Finished',8.0,0,2,NULL),
(11,'2017-05-14',5,'Spanish Grand Prix',1,'Circuit de Barcelona-Catalunya','Finished',7.0,0,2,NULL),
(12,'2017-05-28',6,'Monaco Grand Prix',1,'Circuit de Monaco, Monte Carlo','Finished',4.0,0,1,NULL),
(13,'2017-06-11',7,'Canadian Grand Prix',1,'Circuit Gilles Villeneuve, Montréal','Finished',8.0,0,2,NULL),
(14,'2017-06-25',8,'European Grand Prix',1,'Baku City Circuit','Finished',9.0,0,7,NULL),
(15,'2017-08-06',22,NULL,3,'Watkins Glen International','Finished',7.0,0,8,NULL),
(16,'2017-07-30',21,NULL,3,'Pocono Raceway','Finished',8.0,0,4,NULL),
(17,'2017-02-26',1,'Daytona 500',3,'Daytona International Speedway','Finished',8.0,0,9,NULL),
(18,'2017-03-05',2,NULL,3,'Atlanta Motor Speedway','Finished',6.0,0,10,NULL),
(19,'2017-03-12',3,NULL,3,'Las Vegas Motor Speedway','Finished',5.0,0,8,NULL),
(20,'2017-03-19',4,NULL,3,'ISM Raceway, Phoenix','Finished',6.0,0,12,NULL),
(21,'2017-03-26',5,NULL,3,'Auto Club Speedway, Fontana','Finished',6.0,0,11,NULL),
(22,'2017-04-02',6,NULL,3,'Martinsville Speedway','Finished',6.0,0,10,NULL),
(23,'2017-04-09',7,NULL,3,'Texas Motor Speedway','Finished',7.0,0,4,NULL),
(24,'2017-04-23',8,NULL,3,'Bristol Motor Speedway','Finished',8.0,3,4,NULL),
(25,'2017-04-30',9,NULL,3,'Richmond Raceway','Finished',6.0,0,10,'Win does not count for play-off berth, because Logano\'s car did not pass post-race inspection.'),
(26,'2017-05-07',10,NULL,3,'Talladega Superspeedway','Finished',4.0,0,6,NULL),
(27,'2017-05-13',11,NULL,3,'Kansas Speedway','Finished',8.0,0,8,NULL),
(28,'2017-05-28',12,NULL,3,'Charlotte Motor Speedway','Finished',5.0,4,12,NULL),
(29,'2017-06-04',13,NULL,3,'Dover International Speedway','Finished',6.0,0,4,NULL),
(30,'2017-06-11',14,NULL,3,'Pocono Raceway','Finished',7.0,0,13,NULL),
(31,'2017-06-18',15,NULL,3,'Michigan International Speedway','Finished',6.0,0,11,NULL),
(32,'2017-06-25',16,NULL,3,'Sonoma Raceway','Finished',6.0,0,9,NULL),
(33,'2017-07-08',18,NULL,3,'Kentucky Speedway','Finished',5.0,0,8,NULL),
(34,'2017-07-23',20,NULL,3,'Indianapolis Motor Speedway','Finished',8.0,3,4,NULL),
(35,'2017-08-13',23,NULL,3,'Michigan International Speedway','Finished',5.0,0,11,NULL),
(36,'2017-08-19',24,NULL,3,'Bristol Motor Speedway','Finished',5.0,0,5,NULL),
(37,'2017-09-03',25,'Southern 500',3,'Darlington Raceway','Finished',7.0,0,5,'Encumbered race win due to post-race tech inspection failure.'),
(38,'2017-09-09',26,NULL,3,'Richmond Raceway','Finished',6.0,0,11,NULL),
(39,'2017-09-17',27,NULL,3,'Chicagoland Speedway, Chicago','Finished',4.0,0,8,NULL),
(40,'2017-09-24',28,NULL,3,'New Hampshire Motor Speedway, Loudon','Finished',5.0,0,5,NULL),
(41,'2017-10-01',29,NULL,3,'Dover International Speedway','Finished',7.0,0,5,NULL),
(42,'2017-10-07',30,NULL,3,'Charlotte Motor Speedway','Finished',5.0,0,8,NULL),
(43,'2017-10-15',31,NULL,3,'Talladega Superspeedway','Finished',7.0,0,10,NULL),
(44,'2017-10-21',32,NULL,3,'Kansas Speedway','Finished',6.0,0,8,NULL),
(45,'2017-10-29',33,NULL,3,'Martinsville Speedway','Finished',8.0,0,5,NULL),
(46,'2017-11-05',34,NULL,3,'Texas Motor Speedway','Finished',6.0,0,9,NULL),
(47,'2017-11-12',35,NULL,3,'ISM Raceway, Phoenix','Finished',8.0,0,5,NULL),
(48,'2017-11-19',36,NULL,3,'Homestead-Miami Speedway','Finished',8.0,0,8,NULL),
(49,'2017-03-12',1,NULL,7,'Streets of St. Petersburg','Finished',4.0,0,15,NULL),
(50,'2017-04-09',2,NULL,7,'Streets of Long Beach','Finished',7.0,0,16,NULL),
(51,'2017-04-23',3,NULL,7,'Barber Motorsports Park, Alabama','Finished',5.0,4,14,NULL),
(52,'2017-04-29',4,NULL,7,'ISM Raceway, Phoenix','Finished',4.0,0,14,NULL),
(53,'2017-05-13',5,'Grand Prix of Indianapolis',7,'Indianapolis Motor Speedway Road Course','Finished',3.0,0,14,NULL),
(54,'2017-05-28',6,'Indianapolis 500',7,'Indianapolis Motor Speedway','Finished',8.0,0,17,NULL),
(55,'2017-06-03',7,NULL,7,'Belle Isle, Detroit','Finished',4.0,0,19,NULL),
(56,'2017-06-04',8,NULL,7,'Belle Isle, Detroit','Finished',6.0,0,19,NULL),
(57,'2017-06-10',9,NULL,7,'Texas Motor Speedway','Finished',8.0,0,14,NULL),
(58,'2017-06-25',10,NULL,7,'Road America, Elkhart Lake','Finished',5.0,0,18,NULL),
(59,'2017-07-09',11,NULL,7,'Iowa Speedway','Finished',7.0,3,14,NULL),
(60,'2017-07-16',12,NULL,7,'Exhibition Place, Toronto','Finished',7.0,0,14,NULL),
(61,'2017-07-30',13,NULL,7,'Mid-Ohio Sports Car Course, Lexington','Finished',6.0,0,14,NULL),
(62,'2017-08-20',14,NULL,7,'Pocono Raceway','Finished',7.0,0,14,NULL),
(63,'2017-08-26',15,NULL,7,'Gateway Motorsports Park, St. Louis','Finished',5.0,0,14,NULL),
(64,'2017-09-03',16,NULL,7,'Watkins Glen International','Finished',6.0,1,17,NULL),
(65,'2017-09-17',17,NULL,7,'Sonoma Raceway','Finished',5.0,0,14,NULL),
(66,'2017-03-26',1,NULL,8,'Losail Circuit','Finished',8.0,4,20,NULL),
(67,'2017-04-09',2,NULL,8,'Termas de Río Hondo','Finished',5.0,0,20,NULL),
(68,'2017-04-23',3,NULL,8,'Circuit of the Americas, Austin, Texas','Finished',6.0,0,24,NULL),
(69,'2017-05-07',4,NULL,8,'Circuito de Jerez-Ángel Nieto Jerez de la Frontera','Finished',5.0,0,24,NULL),
(70,'2017-05-21',5,NULL,8,'Circuit Bugatti, Le Mans','Finished',8.0,0,20,NULL),
(71,'2017-06-04',6,NULL,8,'Mugello Circuit, Scarperia','Finished',6.0,0,21,NULL),
(72,'2017-06-11',7,NULL,8,'Circuit de Barcelona-Catalunya','Finished',7.0,0,21,NULL),
(73,'2017-06-25',8,NULL,8,'TT Circuit Assen','Finished',8.0,0,20,NULL),
(74,'2017-07-02',9,NULL,8,'Sachsenring, Hohenstein-Ernstthal','Finished',7.0,0,24,NULL),
(75,'2017-08-06',10,NULL,8,'Masaryk Circuit, Brno','Finished',6.0,5,24,NULL),
(76,'2017-08-13',11,NULL,8,'Red Bull Ring, Spielberg','Finished',8.0,0,21,NULL),
(77,'2017-08-27',12,NULL,8,'Silverstone Circuit','Finished',6.0,0,21,NULL),
(78,'2017-09-10',13,NULL,8,'Misano World Circuit Marco Simoncelli','Finished',7.0,4,24,NULL),
(79,'2017-09-24',14,NULL,8,'Ciudad del Motor de Aragón','Finished',6.0,0,24,NULL),
(80,'2017-10-15',15,NULL,8,'Twin Ring Motegi','Finished',10.0,5,21,NULL),
(81,'2017-10-22',16,NULL,8,'Phillip Island Circuit','Finished',9.0,0,24,NULL),
(82,'2017-10-22',17,NULL,8,'Sepang International Circuit, Kuala Lumpur','Finished',6.0,4,21,NULL),
(83,'2017-11-12',18,NULL,8,'Circuit Ricardo Tormo, Valencia','Finished',6.0,0,24,NULL),
(84,'2017-07-09',9,NULL,1,'Red Bull Ring, Spielberg','Finished',6.0,0,2,NULL),
(85,'2017-07-16',10,NULL,1,'Silverstone Circuit','Finished',7.0,0,2,NULL),
(86,'2017-07-30',11,NULL,1,'Hungaroring, Budapest','Finished',6.0,0,1,NULL),
(87,'2017-08-27',12,NULL,1,'Circuit de Spa-Francorchamps','Finished',6.0,0,2,NULL),
(88,'2017-09-03',13,NULL,1,'Autodromo Nazionale Monza','Finished',6.0,0,2,NULL),
(89,'2017-09-17',14,NULL,1,'Marina Bay Street Circuit, Singapore','Finished',4.0,4,2,NULL),
(90,'2017-10-01',15,NULL,1,'Sepang International Circuit, Kuala Lumpur','Finished',7.0,0,7,NULL),
(91,'2017-10-08',16,NULL,1,'Suzuka Circuit','Finished',4.0,0,2,NULL),
(92,'2017-10-22',17,NULL,1,'Circuit of the Americas, Austin, Texas','Finished',6.0,0,2,NULL),
(93,'2017-10-29',18,NULL,1,'Autódromo Hermanos Rodríguez, Mexico City','Finished',6.0,0,7,NULL),
(94,'2017-11-12',19,NULL,1,'Autódromo José Carlos Pace, Interlagos','Finished',7.0,0,1,NULL),
(95,'2017-11-26',20,NULL,1,'Yas Marina Circuit, Abu Dhabi','Finished',6.0,0,2,NULL),
(96,'2016-10-09',1,NULL,9,'Hong Kong Central Harbourfront Circuit','Finished',7.0,0,30,NULL),
(97,'2016-11-12',2,NULL,9,'Circuit International Automobile Moulay El Hassan','Finished',7.0,0,30,NULL),
(98,'2017-02-18',3,NULL,9,'Puerto Madero Street Circuit','Finished',6.0,0,30,NULL),
(99,'2017-04-01',4,NULL,9,'Autódromo Hermanos Rodríguez, Mexico City','Finished',7.0,0,31,NULL),
(100,'2017-05-13',5,NULL,9,'Circuit de Monaco, Pool lay-out','Finished',3.0,0,30,NULL),
(101,'2017-05-20',6,NULL,9,'Circuit des Invalides, Paris','Finished',4.0,0,30,NULL),
(102,'2017-06-10',7,NULL,9,'Tempelhof Airport Street Circuit, Berlin','Finished',6.0,0,32,NULL),
(103,'2017-06-11',8,NULL,9,'Tempelhof Airport Street Circuit, Berlin','Finished',7.0,0,30,NULL),
(104,'2017-07-15',9,NULL,9,'Brooklyn Street Circuit, New York','Finished',6.0,0,26,NULL),
(105,'2017-07-16',10,NULL,9,'Brooklyn Street Circuit, New York','Finished',6.0,0,26,NULL),
(106,'2017-07-29',11,NULL,9,'Montreal Street Circuit','Finished',8.0,0,31,NULL),
(107,'2017-07-30',12,NULL,9,'Montreal Street Circuit','Finished',7.0,0,34,NULL),
(108,'2017-04-16',1,'6 Hours of Silverstone',10,'Silverstone Circuit','Finished',7.0,4,37,NULL),
(109,'2017-05-06',2,'6 Hours of Spa-Francorchamps',10,'Circuit de Spa-Francorchamps','Finished',6.0,0,37,NULL),
(110,'2017-06-17',3,'24 Heures du Mans',10,'Circuit de la Sarthe, Le Mans','Finished',8.0,0,36,NULL),
(111,'2017-07-16',4,'6 Hours of Nürburgring',10,'Nürburgring','Finished',4.0,0,36,NULL),
(112,'2017-09-03',5,'6 Hours of Mexico City',10,'Autódromo Hermanos Rodríguez, Mexico City','Finished',5.0,0,36,NULL),
(113,'2017-09-16',6,'6 Hours of Circuit of the Americas',10,'Circuit of the Americas, Austin, Texas','Finished',7.0,0,36,NULL),
(114,'2017-10-15',7,'6 Hours of Fuji',10,'Fuji Speedway','Finished',7.0,6,37,NULL),
(115,'2017-11-05',8,'6 Hours of Shanghai',10,'Shanghai International Circuit','Finished',6.0,0,37,NULL),
(116,'2017-11-18',9,'6 Hours of Bahrain',10,'Bahrain International Circuit, Sakhir','Finished',5.0,0,37,NULL),
(117,'2017-02-18',0,'The Clash',3,'Daytona International Speedway','Finished',7.0,3,10,NULL),
(118,'2017-02-23',0,'Can-Am Duel 1',3,'Daytona International Speedway','Finished',7.0,0,4,NULL),
(119,'2017-02-23',0,'Can-Am Duel 2',3,'Daytona International Speedway','Finished',6.0,0,5,NULL),
(120,'2017-05-19',0,'Sprint Showdown',3,'Charlotte Motor Speedway','Finished',6.0,0,5,NULL),
(121,'2017-05-20',0,'All-Star race',3,'Charlotte Motor Speedway','Finished',7.0,0,5,NULL),
(122,'2018-02-11',0,'Advance Auto Parts Clash',11,'Daytona International Speedway','Finished',5.0,0,10,NULL),
(123,'2018-02-15',0,'Can-Am Duel 1',11,'Daytona International Speedway','Finished',7.0,0,10,NULL),
(124,'2018-02-15',0,'Can-Am Duel 2',11,'Daytona International Speedway','Finished',4.0,0,4,NULL),
(125,'2018-02-18',1,'Daytona 500',11,'Daytona International Speedway','Finished',6.0,0,12,NULL),
(126,'2018-02-25',2,NULL,11,'Atlanta Motor Speedway','Finished',6.0,3,9,NULL),
(127,'2018-03-04',3,NULL,11,'Las Vegas Motor Speedway','Finished',4.0,0,9,'Harvick lost play-off points after failing post-race inspection.'),
(128,'2018-03-11',4,NULL,11,'ISM Raceway, Phoenix','Finished',6.0,0,9,NULL),
(129,'2018-03-18',5,NULL,11,'Auto Club Speedway, Fontana','Finished',5.0,0,8,NULL),
(130,'2018-03-25',6,NULL,11,'Martinsville Speedway','Finished',5.0,0,9,'Delayed due to rain. Race was on Monday.'),
(131,'2018-04-08',7,NULL,11,'Texas Motor Speedway','Finished',5.0,0,5,NULL),
(132,'2018-04-15',8,NULL,11,'Bristol Motor Speedway','Finished',5.0,4,5,NULL),
(133,'2018-04-21',9,NULL,11,'Richmond Raceway','Finished',5.0,0,5,NULL),
(134,'2018-04-29',10,NULL,11,'Talladega Superspeedway','Finished',5.0,0,10,NULL),
(135,'2018-05-06',11,NULL,11,'Dover International Speedway','Finished',4.0,3,9,NULL),
(136,'2018-05-12',12,NULL,11,'Kansas Speedway','Finished',4.0,0,9,NULL),
(137,'2018-05-19',0,'All-Star Open',11,'Charlotte Motor Speedway','Finished',8.0,0,49,NULL),
(138,'2018-05-19',0,'All-Star Race',11,'Charlotte Motor Speedway','Finished',7.0,2,9,NULL),
(139,'2018-05-27',13,'Coca-Cola 600',11,'Charlotte Motor Speedway','Finished',4.0,0,5,NULL),
(140,'2018-06-03',14,NULL,11,'Pocono Raceway','Finished',3.0,0,8,NULL),
(141,'2018-06-10',15,NULL,11,'Michigan International Speedway','Stopped',6.0,4,9,NULL),
(142,'2018-06-24',16,NULL,11,'Sonoma Raceway','Finished',6.0,0,8,NULL),
(143,'2018-07-01',17,NULL,11,'Chicagoland Speedway, Chicago','Finished',9.0,0,5,NULL),
(144,'2018-07-07',18,NULL,11,'Daytona International Speedway','Finished',6.0,0,5,NULL),
(145,'2018-07-14',19,NULL,11,'Kentucky Speedway','Finished',4.0,0,8,NULL),
(146,'2018-07-22',20,NULL,11,'New Hampshire Motor Speedway, Loudon','Finished',8.0,0,9,NULL),
(147,'2018-07-29',21,NULL,11,'Pocono Raceway','Finished',6.0,0,5,NULL),
(148,'2018-08-05',22,NULL,11,'Watkins Glen International','Finished',8.0,0,4,NULL),
(149,'2018-08-12',23,NULL,11,'Michigan International Speedway','Finished',3.0,0,9,NULL),
(150,'2018-08-18',24,NULL,11,'Bristol Motor Speedway','Finished',7.0,0,9,NULL),
(151,'2018-09-02',25,NULL,11,'Darlington Raceway','Finished',5.0,0,10,NULL),
(152,'2018-09-09',26,NULL,11,'Indianapolis Motor Speedway','Finished',7.0,4,10,NULL),
(153,'2018-09-16',27,NULL,11,'Las Vegas Motor Speedway','Finished',8.0,0,10,NULL),
(154,'2018-09-22',28,NULL,11,'Richmond Raceway','Finished',7.0,0,5,NULL),
(155,'2018-09-30',29,NULL,11,'Charlotte Motor Speedway Road Course','Finished',8.0,0,10,NULL),
(156,'2018-10-07',30,NULL,11,'Dover International Speedway','Finished',7.0,0,4,NULL),
(157,'2018-10-14',31,NULL,11,'Talladega Superspeedway','Finished',6.0,0,9,NULL),
(158,'2018-10-21',32,NULL,11,'Kansas Speedway','Finished',5.0,0,4,NULL),
(159,'2018-10-28',33,NULL,11,'Martinsville Speedway','Finished',9.0,2,10,NULL),
(160,'2018-11-04',34,NULL,11,'Texas Motor Speedway','Finished',6.0,0,9,'Kevin Harvick won, but was disqualified after the race.'),
(161,'2018-11-11',35,NULL,11,'ISM Raceway, Phoenix','Finished',7.0,0,5,NULL),
(162,'2018-11-18',36,NULL,11,'Homestead-Miami Speedway','Finished',7.0,0,10,NULL),
(163,'2017-12-02',1,NULL,12,'Hong Kong Central Harbourfront Circuit','Finished',5.0,0,26,NULL),
(164,'2017-12-03',2,NULL,12,'Hong Kong Central Harbourfront Circuit','Finished',7.0,0,32,'Daniel Abt won on track, but was disqualified after post-race inspection.'),
(165,'2018-01-13',3,NULL,12,'Circuit International Automobile Moulay El Hassan','Finished',5.0,0,32,NULL),
(166,'2018-02-03',4,NULL,12,'Santiago Street Circuit','Finished',8.0,0,34,NULL),
(167,'2018-03-03',5,NULL,12,'Autódromo Hermanos Rodríguez, Mexico City','Finished',4.0,0,31,NULL),
(168,'2018-03-17',6,NULL,12,'Punta del Este Street Circuit','Finished',7.0,0,34,NULL),
(169,'2018-04-14',7,NULL,12,'Circuito Cittadino dell\'EUR, Rome','Finished',7.0,0,26,NULL),
(170,'2018-04-28',8,NULL,12,'Circuit des Invalides, Paris','Finished',6.0,0,34,NULL),
(171,'2018-05-19',9,NULL,12,'Tempelhof Airport Street Circuit, Berlin','Finished',4.0,0,31,NULL),
(172,'2018-06-10',10,NULL,12,'Zürich Street Circuit','Finished',6.0,0,31,NULL),
(173,'2018-07-14',11,NULL,12,'Brooklyn Street Circuit, New York','Finished',7.0,0,31,NULL),
(174,'2018-07-15',12,NULL,12,'Brooklyn Street Circuit, New York','Finished',6.0,0,34,NULL),
(175,'2018-04-15',3,NULL,6,'Shanghai International Circuit','Finished',8.0,0,7,NULL),
(176,'2018-04-29',4,NULL,6,'Baku City Circuit','Finished',6.0,0,2,NULL),
(177,'2018-05-13',5,NULL,6,'Circuit de Barcelona-Catalunya','Finished',4.0,0,2,NULL),
(178,'2018-05-27',6,NULL,6,'Circuit de Monaco, Monte Carlo','Finished',4.0,2,7,NULL),
(179,'2018-06-10',7,NULL,6,'Circuit Gilles Villeneuve, Montréal','Finished',4.0,0,1,NULL),
(180,'2018-06-24',8,NULL,6,'Circuit Paul Ricard, Le Castellet','Finished',3.0,0,2,NULL),
(181,'2018-07-01',9,NULL,6,'Red Bull Ring, Spielberg','Finished',7.0,0,7,NULL),
(182,'2018-07-08',10,NULL,6,'Silverstone Circuit','Finished',10.0,0,1,NULL),
(183,'2018-07-22',11,NULL,6,'Hockenheimring, Hockenheim','Finished',8.0,3,2,NULL),
(184,'2018-07-29',12,NULL,6,'Hungaroring, Budapest','Finished',5.0,0,2,NULL),
(185,'2018-08-26',13,NULL,6,'Circuit de Spa-Francorchamps','Finished',5.0,0,1,NULL),
(186,'2018-09-02',14,NULL,6,'Autodromo Nazionale Monza','Finished',9.0,2,2,NULL),
(187,'2018-09-16',15,NULL,6,'Marina Bay Street Circuit, Singapore','Finished',3.0,2,2,NULL),
(188,'2018-09-30',16,NULL,6,'Sochi Autodrom','Finished',6.0,0,2,NULL),
(189,'2018-10-07',17,NULL,6,'Suzuka Circuit','Finished',6.0,0,2,NULL),
(190,'2018-10-21',18,NULL,6,'Circuit of the Americas, Austin, Texas','Finished',9.0,0,1,NULL),
(191,'2018-10-28',19,NULL,6,'Autódromo Hermanos Rodríguez, Mexico City','Finished',6.0,0,7,NULL),
(192,'2018-11-11',20,NULL,6,'Autódromo José Carlos Pace, Interlagos','Finished',7.0,0,2,NULL),
(193,'2018-11-25',21,NULL,6,'Yas Marina Circuit, Abu Dhabi','Finished',7.0,2,2,NULL),
(194,'2018-05-05',1,NULL,13,'Circuit de Spa-Francorchamps','Finished',4.0,0,37,NULL),
(195,'2018-06-16',2,'24 Heures du Mans',13,'Circuit de la Sarthe, Le Mans','Finished',4.0,2,37,NULL),
(196,'2018-08-19',3,NULL,13,'Silverstone Circuit','Finished',4.0,0,55,NULL),
(197,'2018-10-14',4,NULL,13,'Fuji Speedway','Finished',3.0,3,37,NULL),
(198,'2018-11-18',5,NULL,13,'Shanghai International Circuit','Finished',5.0,5,37,NULL),
(199,'2019-03-16',6,'1,000 Miles of Sebring',13,'Sebring International Raceway','Finished',3.0,3,37,NULL),
(200,'2019-05-04',7,NULL,13,'Circuit de Spa-Francorchamps','Stopped',7.0,4,37,'Stopped 11 minutes before the end after several sleet and hale storms.'),
(201,'2019-06-15',8,'24 Heures du Mans',13,'Circuit de la Sarthe, Le Mans','Finished',6.0,2,37,NULL),
(202,'2018-03-18',1,NULL,14,'Losail Circuit','Finished',8.0,0,21,NULL),
(203,'2018-04-08',2,NULL,14,'Termas de Río Hondo','Finished',5.0,1,25,'Weird decisions on race start, by event organisers.'),
(204,'2018-04-22',3,NULL,14,'Circuit of the Americas, Austin, Texas','Finished',3.0,0,24,NULL),
(205,'2018-05-06',4,NULL,14,'Circuito de Jerez-Ángel Nieto Jerez de la Frontera','Finished',7.0,0,24,NULL),
(206,'2018-05-20',5,NULL,14,'Circuit Bugatti, Le Mans','Finished',6.0,0,24,NULL),
(207,'2018-06-03',6,NULL,14,'Mugello Circuit, Scarperia','Finished',5.0,0,21,NULL),
(208,'2018-06-17',7,NULL,14,'Circuit de Barcelona-Catalunya','Finished',3.0,0,21,NULL),
(209,'2018-07-01',8,NULL,14,'TT Circuit Assen','Finished',8.0,0,24,NULL),
(210,'2018-07-15',9,NULL,14,'Sachsenring, Hohenstein-Ernstthal','Finished',4.0,0,24,NULL),
(211,'2018-08-05',10,NULL,14,'Masaryk Circuit, Brno','Finished',6.0,0,21,NULL),
(212,'2018-08-12',11,NULL,14,'Red Bull Ring, Spielberg','Finished',6.0,0,21,NULL),
(213,'2018-08-26',12,NULL,14,'Silverstone Circuit','Cancelled',0.0,5,NULL,'Cancelled due to heavy rain. The new asphalt did not allow suficient draining.'),
(214,'2018-09-09',13,NULL,14,'Misano World Circuit Marco Simoncelli','Finished',5.0,0,21,NULL),
(215,'2018-09-23',14,NULL,14,'Ciudad del Motor de Aragón','Finished',7.0,0,24,NULL),
(216,'2018-10-07',15,NULL,14,'Chang International Circuit, Buriram','Finished',8.0,0,24,NULL),
(217,'2018-10-21',16,NULL,14,'Twin Ring Motegi','Finished',8.0,0,24,NULL),
(218,'2018-10-28',17,NULL,14,'Phillip Island Circuit','Finished',8.0,0,20,NULL),
(219,'2018-11-04',18,NULL,14,'Sepang International Circuit, Kuala Lumpur','Finished',5.0,1,24,NULL),
(220,'2018-11-18',19,NULL,14,'Circuit Ricardo Tormo, Valencia','Finished',8.0,5,21,NULL),
(221,'2018-03-11',1,NULL,15,'Streets of St. Petersburg','Finished',6.0,0,15,NULL),
(222,'2018-04-07',2,NULL,15,'ISM Raceway, Phoenix','Finished',4.0,0,14,NULL),
(223,'2018-04-15',3,NULL,15,'Streets of Long Beach','Finished',5.0,0,17,NULL),
(224,'2018-04-22',4,NULL,15,'Barber Motorsports Park, Alabama','Finished',7.0,6,14,'Stopped on Sunday, resumed on Monday.'),
(225,'2018-05-12',5,NULL,15,'Indianapolis Motor Speedway Road Course','Finished',5.0,2,14,NULL),
(226,'2018-05-27',6,'Indianapolis 500',15,'Indianapolis Motor Speedway','Finished',7.0,0,14,NULL),
(227,'2018-06-02',7,NULL,15,'Belle Isle, Detroit','Finished',3.0,0,18,NULL),
(228,'2018-06-03',8,NULL,15,'Belle Isle, Detroit','Finished',8.0,0,17,NULL),
(229,'2018-06-09',9,NULL,15,'Texas Motor Speedway','Finished',4.0,0,18,NULL),
(230,'2018-06-24',10,NULL,15,'Road America, Elkhart Lake','Finished',4.0,0,14,NULL),
(231,'2018-07-08',11,NULL,15,'Iowa Speedway','Finished',5.0,0,16,NULL),
(232,'2018-07-15',12,NULL,15,'Exhibition Place, Toronto','Finished',4.0,0,18,NULL),
(233,'2018-07-29',13,NULL,15,'Mid-Ohio Sports Car Course, Lexington','Finished',7.0,0,17,NULL),
(234,'2018-08-19',14,NULL,15,'Pocono Raceway','Finished',3.0,0,17,'Major crash and injury for Robert Wickens.'),
(235,'2018-08-25',15,NULL,15,'Gateway Motorsports Park, St. Louis','Finished',7.0,0,14,NULL),
(236,'2018-09-02',16,NULL,15,'Portland International Raceway','Finished',6.0,0,19,NULL),
(237,'2018-09-16',17,NULL,15,'Sonoma Raceway','Finished',6.0,0,17,NULL),
(238,'2016-03-20',1,NULL,16,'Albert Park, Melbourne','Finished',6.0,0,2,NULL),
(239,'2016-04-03',2,NULL,16,'Bahrain International Circuit, Sakhir','Finished',7.0,0,2,NULL),
(240,'2016-04-17',3,NULL,16,'Shanghai International Circuit','Finished',8.0,0,2,NULL),
(241,'2016-05-01',4,NULL,16,'Sochi Autodrom','Finished',4.0,0,2,NULL),
(242,'2016-05-15',5,NULL,16,'Circuit de Barcelona-Catalunya','Finished',8.0,0,7,NULL),
(243,'2016-05-29',6,NULL,16,'Circuit de Monaco, Monte Carlo','Finished',6.0,4,2,NULL),
(244,'2016-06-12',7,NULL,16,'Circuit Gilles Villeneuve, Montréal','Finished',6.0,0,2,NULL),
(245,'2016-06-19',8,'European Grand Prix',16,'Baku City Circuit','Finished',5.0,0,2,NULL),
(246,'2016-07-03',9,NULL,16,'Red Bull Ring, Spielberg','Finished',9.0,0,2,NULL),
(247,'2016-07-10',10,NULL,16,'Silverstone Circuit','Finished',7.0,4,2,NULL),
(248,'2016-07-24',11,NULL,16,'Hungaroring, Budapest','Finished',5.0,0,2,NULL),
(249,'2016-07-31',12,NULL,16,'Hockenheimring, Hockenheim','Finished',6.0,0,2,NULL),
(250,'2016-08-28',13,NULL,16,'Circuit de Spa-Francorchamps','Finished',8.0,0,2,NULL),
(251,'2016-09-04',14,NULL,16,'Autodromo Nazionale Monza','Finished',5.0,0,2,NULL),
(252,'2016-09-18',15,NULL,16,'Marina Bay Street Circuit, Singapore','Finished',7.0,0,2,NULL),
(253,'2016-10-02',16,NULL,16,'Sepang International Circuit, Kuala Lumpur','Finished',6.0,0,7,NULL),
(254,'2016-10-09',17,NULL,16,'Suzuka Circuit','Finished',8.0,0,2,NULL),
(255,'2016-10-23',18,NULL,16,'Circuit of the Americas, Austin, Texas','Finished',6.0,0,2,NULL),
(256,'2016-11-13',19,NULL,16,'Autódromo José Carlos Pace, Interlagos','Finished',9.0,5,2,NULL),
(257,'2016-11-27',20,NULL,16,'Yas Marina Circuit, Abu Dhabi','Finished',8.0,0,2,NULL),
(258,'2016-03-20',1,NULL,17,'Losail Circuit','Finished',6.0,0,20,NULL),
(259,'2016-04-03',2,NULL,17,'Termas de Río Hondo','Finished',7.0,0,24,NULL),
(260,'2016-04-10',3,NULL,17,'Circuit of the Americas, Austin, Texas','Finished',5.0,0,24,NULL),
(261,'2016-04-24',4,NULL,17,'Circuito de Jerez-Ángel Nieto Jerez de la Frontera','Finished',4.0,0,20,NULL),
(262,'2016-05-08',5,NULL,17,'Circuit Bugatti, Le Mans','Finished',6.0,0,20,NULL),
(263,'2016-05-22',6,NULL,17,'Mugello Circuit, Scarperia','Finished',8.0,0,20,NULL),
(264,'2016-06-05',7,NULL,17,'Circuit de Barcelona-Catalunya','Finished',9.0,0,20,NULL),
(265,'2016-06-26',8,NULL,17,'TT Circuit Assen','Finished',8.0,5,22,NULL),
(266,'2016-07-17',9,NULL,17,'Sachsenring, Hohenstein-Ernstthal','Finished',7.0,4,24,NULL),
(267,'2016-08-14',10,NULL,17,'Red Bull Ring, Spielberg','Finished',6.0,0,21,NULL),
(268,'2016-08-21',11,NULL,17,'Masaryk Circuit, Brno','Finished',8.0,4,25,NULL),
(269,'2016-09-04',12,NULL,17,'Silverstone Circuit','Finished',8.0,4,39,NULL),
(270,'2016-09-11',13,NULL,17,'Misano World Circuit Marco Simoncelli','Finished',6.0,0,24,NULL),
(271,'2016-09-25',14,NULL,17,'Ciudad del Motor de Aragón','Finished',6.0,0,24,NULL),
(272,'2016-10-16',15,NULL,17,'Twin Ring Motegi','Finished',5.0,0,24,NULL),
(273,'2016-10-23',16,NULL,17,'Phillip Island Circuit','Finished',6.0,0,25,NULL),
(274,'2016-10-30',17,NULL,17,'Sepang International Circuit, Kuala Lumpur','Finished',6.0,4,21,NULL),
(275,'2016-11-13',18,NULL,17,'Circuit Ricardo Tormo, Valencia','Finished',8.0,0,20,NULL),
(276,'2016-02-13',0,'The Sprint Unlimited',18,'Daytona International Speedway','Finished',6.0,0,5,NULL),
(277,'2016-02-18',0,'Can-Am Duel 1',18,'Daytona International Speedway','Finished',7.0,0,4,NULL),
(278,'2016-02-18',0,'Can-Am Duel 2',18,'Daytona International Speedway','Finished',6.0,0,5,NULL),
(279,'2016-02-21',1,'Daytona 500',18,'Daytona International Speedway','Finished',7.0,0,5,NULL),
(280,'2016-02-28',2,NULL,18,'Atlanta Motor Speedway','Finished',7.0,0,4,NULL),
(281,'2016-03-06',3,NULL,18,'Las Vegas Motor Speedway','Finished',6.0,4,10,NULL),
(282,'2016-03-13',4,NULL,18,'ISM Raceway, Phoenix','Finished',6.0,0,9,NULL),
(283,'2016-03-20',5,NULL,18,'Auto Club Speedway, Fontana','Finished',7.0,0,4,NULL),
(284,'2016-04-03',6,NULL,18,'Martinsville Speedway','Finished',6.0,0,5,NULL),
(285,'2016-04-09',7,NULL,18,'Texas Motor Speedway','Finished',5.0,4,5,NULL),
(286,'2016-04-17',8,NULL,18,'Bristol Motor Speedway','Finished',7.0,0,5,NULL),
(287,'2016-04-24',9,NULL,18,'Richmond Raceway','Finished',7.0,0,5,NULL),
(288,'2016-05-01',10,NULL,18,'Talladega Superspeedway','Finished',7.0,0,10,NULL),
(289,'2016-05-07',11,NULL,18,'Kansas Speedway','Finished',5.0,0,5,NULL),
(290,'2016-05-15',12,NULL,18,'Dover International Speedway','Finished',9.0,0,5,NULL),
(291,'2016-05-20',0,'Sprint Showdown',18,'Charlotte Motor Speedway','Finished',9.0,4,11,NULL),
(292,'2016-05-21',0,'Sprint All-Star Race',18,'Charlotte Motor Speedway','Finished',6.0,4,10,NULL),
(293,'2016-05-29',13,'Coca-Cola 600',18,'Charlotte Motor Speedway','Finished',4.0,0,8,NULL),
(294,'2016-06-05',14,NULL,18,'Pocono Raceway','Finished',6.0,0,9,NULL),
(295,'2016-06-12',15,NULL,18,'Michigan International Speedway','Finished',6.0,0,10,NULL),
(296,'2016-06-26',16,NULL,18,'Sonoma Raceway','Finished',7.0,0,9,NULL),
(297,'2016-07-02',17,NULL,18,'Daytona International Speedway','Finished',4.0,0,10,NULL),
(298,'2016-07-09',18,NULL,18,'Kentucky Speedway','Finished',7.0,0,10,NULL),
(299,'2016-07-17',19,NULL,18,'New Hampshire Motor Speedway, Loudon','Finished',7.0,0,5,NULL),
(300,'2016-07-24',20,NULL,18,'Indianapolis Motor Speedway','Finished',5.0,0,5,NULL),
(301,'2016-07-31',21,NULL,18,'Pocono Raceway','Finished',7.0,4,40,NULL),
(302,'2016-08-07',22,NULL,18,'Watkins Glen International','Finished',7.0,0,5,NULL),
(303,'2016-08-20',23,NULL,18,'Bristol Motor Speedway','Finished',6.0,4,9,NULL),
(304,'2016-08-28',24,NULL,18,'Michigan International Speedway','Finished',6.0,0,11,NULL),
(305,'2016-09-04',25,NULL,18,'Darlington Raceway','Finished',6.0,0,8,NULL),
(306,'2016-09-10',26,NULL,18,'Richmond Raceway','Finished',8.0,0,5,NULL),
(307,'2016-09-18',27,NULL,18,'Chicagoland Speedway, Chicago','Finished',4.0,0,8,NULL),
(308,'2016-09-25',28,NULL,18,'New Hampshire Motor Speedway, Loudon','Finished',4.0,0,9,NULL),
(309,'2016-10-02',29,NULL,18,'Dover International Speedway','Finished',3.0,0,8,NULL),
(310,'2016-10-08',30,NULL,18,'Charlotte Motor Speedway','Finished',5.0,0,4,NULL),
(311,'2016-10-16',31,NULL,18,'Kansas Speedway','Finished',7.0,0,9,NULL),
(312,'2016-10-23',32,NULL,18,'Talladega Superspeedway','Finished',3.0,0,10,NULL),
(313,'2016-10-30',33,NULL,18,'Martinsville Speedway','Finished',4.0,0,4,NULL),
(314,'2016-11-06',34,NULL,18,'Texas Motor Speedway','Finished',7.0,4,5,NULL),
(315,'2016-11-13',35,NULL,18,'ISM Raceway, Phoenix','Finished',8.0,0,10,NULL),
(316,'2016-11-20',36,NULL,18,'Homestead-Miami Speedway','Finished',8.0,0,4,NULL),
(317,'2016-03-13',1,NULL,19,'Streets of St. Petersburg','Finished',5.0,0,14,NULL),
(318,'2016-04-02',2,NULL,19,'ISM Raceway, Phoenix','Finished',5.0,0,18,NULL),
(319,'2016-04-17',3,NULL,19,'Streets of Long Beach','Finished',4.0,0,14,NULL),
(320,'2016-04-24',4,NULL,19,'Barber Motorsports Park, Alabama','Finished',7.0,0,14,NULL),
(321,'2016-05-14',5,NULL,19,'Indianapolis Motor Speedway Road Course','Finished',6.0,0,14,NULL),
(322,'2016-05-29',6,'Indianapolis 500',19,'Indianapolis Motor Speedway','Finished',6.0,3,17,NULL),
(323,'2016-06-04',7,NULL,19,'Belle Isle, Detroit','Finished',8.0,4,42,NULL),
(324,'2016-06-05',8,NULL,19,'Belle Isle, Detroit','Finished',7.0,0,14,NULL),
(325,'2016-06-11',9,NULL,19,'Texas Motor Speedway','Finished',10.0,6,19,'Postponed because of the heavy rain, and resumed on August 27, between round 14 and 15.'),
(326,'2016-06-26',10,NULL,19,'Road America, Elkhart Lake','Finished',7.0,0,14,NULL),
(327,'2016-07-10',11,NULL,19,'Iowa Speedway','Finished',8.0,0,41,NULL),
(328,'2016-07-17',12,NULL,19,'Exhibition Place, Toronto','Finished',7.0,0,14,NULL),
(329,'2016-07-31',13,NULL,19,'Mid-Ohio Sports Car Course, Lexington','Finished',7.0,0,14,NULL),
(330,'2016-08-21',14,NULL,19,'Pocono Raceway','Finished',8.0,0,14,NULL),
(331,'2016-09-04',15,NULL,19,'Watkins Glen International','Finished',6.0,0,18,NULL),
(332,'2016-09-18',16,NULL,19,'Sonoma Raceway','Finished',7.0,0,14,NULL),
(333,'2015-10-24',1,NULL,20,'Beijing Olympic Green Circuit','Finished',6.0,0,30,NULL),
(334,'2015-11-07',2,NULL,20,'Putrajaya Street Circuit','Finished',8.0,0,31,NULL),
(335,'2015-12-19',3,NULL,20,'Punta del Este Street Circuit','Finished',6.0,0,30,NULL),
(336,'2016-02-06',4,NULL,20,'Puerto Madero Street Circuit','Finished',8.0,0,26,NULL),
(337,'2016-03-12',5,NULL,20,'Autódromo Hermanos Rodríguez, Mexico City','Finished',6.0,0,29,NULL),
(338,'2016-04-02',6,NULL,20,'Streets of Long Beach','Finished',5.0,0,31,NULL),
(339,'2016-04-23',7,NULL,20,'Circuit des Invalides, Paris','Finished',5.0,0,31,NULL),
(340,'2016-05-21',8,NULL,20,'Berlin Street Circuit','Finished',4.0,0,30,NULL),
(341,'2016-07-02',9,NULL,20,'Battersea Park Street Circuit, London','Finished',6.0,0,30,NULL),
(342,'2016-07-03',10,NULL,20,'Battersea Park Street Circuit, London','Finished',7.0,0,30,NULL),
(343,'2016-04-17',1,NULL,21,'Silverstone Circuit','Finished',6.0,0,36,'Audi won the event (Marcel Fässler, André Lotterer, and Benoît Tréluyer), but were disqualified after the race.'),
(344,'2016-05-07',2,NULL,21,'Circuit de Spa-Francorchamps','Finished',8.0,0,44,NULL),
(345,'2016-06-18',3,'24 Heures du Mans',21,'Circuit de la Sarthe, Le Mans','Finished',9.0,4,36,'Last-minute breakdown of the leading Toyota of Anthony Davidson, Sébastien Buemi and Kazuki Nakajima.'),
(346,'2016-07-24',4,NULL,21,'Nürburgring','Finished',7.0,0,36,NULL),
(347,'2016-09-04',5,NULL,21,'Autódromo Hermanos Rodríguez, Mexico City','Finished',6.0,0,36,NULL),
(348,'2016-09-17',6,NULL,21,'Circuit of the Americas, Austin, Texas','Finished',5.0,0,36,NULL),
(349,'2016-10-16',7,NULL,21,'Fuji Speedway','Finished',6.0,0,37,NULL),
(350,'2016-11-06',8,NULL,21,'Shanghai International Circuit','Finished',6.0,0,36,NULL),
(351,'2016-11-19',9,NULL,21,'Bahrain International Circuit, Sakhir','Finished',5.0,0,44,NULL),
(352,'2014-09-13',1,NULL,22,'Beijing Olympic Green Circuit','Finished',8.0,0,31,'Inaugural race of the sport.'),
(353,'2014-11-22',2,NULL,22,'Putrajaya Street Circuit','Finished',7.0,3,26,NULL),
(354,'2014-12-13',3,NULL,22,'Punta del Este Street Circuit','Finished',8.0,0,30,NULL),
(355,'2015-01-10',4,NULL,22,'Puerto Madero Street Circuit','Finished',8.0,0,45,NULL),
(356,'2015-03-14',5,NULL,22,'Biscayne Bay Street Circuit, Miami','Finished',7.0,0,30,NULL),
(357,'2015-04-04',6,NULL,22,'Streets of Long Beach','Finished',7.0,0,46,NULL),
(358,'2015-05-09',7,NULL,22,'Circuit de Monaco, Pool lay-out','Finished',5.0,0,30,NULL),
(359,'2015-05-23',8,NULL,22,'Tempelhof Airport Street Circuit, Berlin','Finished',7.0,0,29,'The initial winner, Lucas di Grassi, was disqualified after the race, due to a technical rule violation.'),
(360,'2015-06-06',9,NULL,22,'Moscow Street Circuit','Finished',4.0,0,46,NULL),
(361,'2015-06-27',10,NULL,22,'Battersea Park Street Circuit, London','Finished',6.0,0,30,NULL),
(362,'2015-06-28',11,NULL,22,'Battersea Park Street Circuit, London','Finished',8.0,0,26,NULL),
(363,'2015-03-15',1,NULL,23,'Albert Park, Melbourne','Finished',5.0,0,2,NULL),
(364,'2015-03-29',2,NULL,23,'Sepang International Circuit, Kuala Lumpur','Finished',9.0,0,1,NULL),
(365,'2015-04-12',3,NULL,23,'Shanghai International Circuit','Finished',5.0,0,2,NULL),
(366,'2015-04-19',4,NULL,23,'Bahrain International Circuit, Sakhir','Finished',7.0,0,2,NULL),
(367,'2015-05-10',5,NULL,23,'Circuit de Barcelona-Catalunya','Finished',5.0,0,2,NULL),
(368,'2015-05-24',6,NULL,23,'Circuit de Monaco, Monte Carlo','Finished',4.0,0,2,NULL),
(369,'2015-06-07',7,NULL,23,'Circuit Gilles Villeneuve, Montréal','Finished',5.0,0,2,NULL),
(370,'2015-06-21',8,NULL,23,'Red Bull Ring, Spielberg','Finished',6.0,0,2,NULL),
(371,'2015-07-05',9,NULL,23,'Silverstone Circuit','Finished',8.0,4,2,NULL),
(372,'2015-07-26',10,NULL,23,'Hungaroring, Budapest','Finished',9.0,0,1,NULL),
(373,'2015-08-23',11,NULL,23,'Circuit de Spa-Francorchamps','Finished',5.0,0,2,NULL),
(374,'2015-09-06',12,NULL,23,'Autodromo Nazionale Monza','Finished',5.0,0,2,NULL),
(375,'2015-09-20',13,NULL,23,'Marina Bay Street Circuit, Singapore','Finished',6.0,0,1,NULL),
(376,'2015-09-27',14,NULL,23,'Suzuka Circuit','Finished',4.0,0,2,NULL),
(377,'2015-10-11',15,NULL,23,'Sochi Autodrom','Finished',6.0,0,2,NULL),
(378,'2015-10-25',16,NULL,23,'Circuit of the Americas, Austin, Texas','Finished',9.0,5,2,NULL),
(379,'2015-11-01',17,NULL,23,'Autódromo Hermanos Rodríguez, Mexico City','Finished',6.0,0,2,NULL),
(380,'2015-11-15',18,NULL,23,'Autódromo José Carlos Pace, Interlagos','Finished',6.0,0,2,NULL),
(381,'2015-11-29',19,NULL,23,'Yas Marina Circuit, Abu Dhabi','Finished',6.0,0,2,NULL),
(382,'2015-03-29',1,NULL,24,'Losail Circuit','Finished',8.0,0,20,NULL),
(383,'2015-04-12',2,NULL,24,'Circuit of the Americas, Austin, Texas','Finished',6.0,0,24,NULL),
(384,'2015-04-19',3,NULL,24,'Termas de Río Hondo','Finished',9.0,0,20,NULL),
(385,'2015-05-03',4,NULL,24,'Circuito de Jerez-Ángel Nieto Jerez de la Frontera','Finished',6.0,0,20,NULL),
(386,'2015-05-17',5,NULL,24,'Circuit Bugatti, Le Mans','Finished',8.0,0,20,NULL),
(387,'2015-05-31',6,NULL,24,'Mugello Circuit, Scarperia','Finished',7.0,0,20,NULL),
(388,'2015-06-14',7,NULL,24,'Circuit de Barcelona-Catalunya','Finished',5.0,0,20,NULL),
(389,'2015-06-27',8,NULL,24,'TT Circuit Assen','Finished',8.0,0,20,NULL),
(390,'2015-07-12',9,NULL,24,'Sachsenring, Hohenstein-Ernstthal','Finished',6.0,0,24,NULL),
(391,'2015-08-09',10,NULL,24,'Indianapolis Motor Speedway Road Course','Finished',4.0,0,24,NULL),
(392,'2015-08-16',11,NULL,24,'Masaryk Circuit, Brno','Finished',4.0,0,20,NULL),
(393,'2015-08-30',12,NULL,24,'Silverstone Circuit','Finished',8.0,4,20,NULL),
(394,'2015-09-13',13,NULL,24,'Misano World Circuit Marco Simoncelli','Finished',8.0,4,24,NULL),
(395,'2015-09-27',14,NULL,24,'Ciudad del Motor de Aragón','Finished',7.0,0,20,NULL),
(396,'2015-10-11',15,NULL,24,'Twin Ring Motegi','Finished',7.0,4,24,NULL),
(397,'2015-10-18',16,NULL,24,'Phillip Island Circuit','Finished',9.0,0,24,NULL),
(398,'2015-10-25',17,NULL,24,'Sepang International Circuit, Kuala Lumpur','Finished',8.0,0,24,NULL),
(399,'2015-11-08',18,NULL,24,'Circuit Ricardo Tormo, Valencia','Finished',6.0,0,20,NULL),
(400,'2015-02-14',0,'Sprint Unlimited',25,'Daytona International Speedway','Finished',7.0,0,5,NULL),
(401,'2015-02-19',0,'Budweiser Duel 1',25,'Daytona International Speedway','Finished',5.0,0,4,NULL),
(402,'2015-02-19',0,'Budweiser Duel 2',25,'Daytona International Speedway','Finished',6.0,0,4,NULL),
(403,'2015-02-22',1,'Daytona 500',25,'Daytona International Speedway','Finished',8.0,0,10,NULL),
(404,'2015-03-01',2,NULL,25,'Atlanta Motor Speedway','Finished',7.0,3,4,NULL),
(405,'2015-03-08',3,NULL,25,'Las Vegas Motor Speedway','Finished',5.0,0,9,NULL),
(406,'2015-03-15',4,NULL,25,'ISM Raceway, Phoenix','Finished',6.0,0,9,NULL),
(407,'2015-03-22',5,NULL,25,'Auto Club Speedway, Fontana','Finished',6.0,0,10,NULL),
(408,'2015-03-29',6,NULL,25,'Martinsville Speedway','Finished',8.0,0,5,NULL),
(409,'2015-04-11',7,NULL,25,'Texas Motor Speedway','Finished',5.0,0,4,NULL),
(410,'2015-04-19',8,NULL,25,'Bristol Motor Speedway','Finished',7.0,4,5,NULL),
(411,'2015-04-25',9,NULL,25,'Richmond Raceway','Finished',4.0,4,9,NULL),
(412,'2015-05-03',10,NULL,25,'Talladega Superspeedway','Finished',6.0,0,4,NULL),
(413,'2015-05-09',11,NULL,25,'Kansas Speedway','Finished',6.0,4,4,NULL),
(414,'2015-05-15',0,'Sprint Showdown',25,'Charlotte Motor Speedway','Finished',6.0,0,47,NULL),
(415,'2015-05-16',0,'Sprint All-Star Race',25,'Charlotte Motor Speedway','Finished',7.0,0,5,NULL),
(416,'2015-05-24',12,NULL,25,'Charlotte Motor Speedway','Finished',7.0,0,5,NULL),
(417,'2015-05-31',13,NULL,25,'Dover International Speedway','Finished',5.0,0,4,NULL),
(418,'2015-06-07',14,NULL,25,'Pocono Raceway','Finished',5.0,0,8,NULL),
(419,'2015-06-14',15,NULL,25,'Michigan International Speedway','Finished',5.0,4,9,NULL),
(420,'2015-06-28',16,NULL,25,'Sonoma Raceway','Finished',7.0,0,5,NULL),
(421,'2015-07-05',17,NULL,25,'Daytona International Speedway','Finished',6.0,4,4,NULL),
(422,'2015-07-11',18,NULL,25,'Kentucky Speedway','Finished',8.0,0,5,NULL),
(423,'2015-07-19',19,NULL,25,'New Hampshire Motor Speedway, Loudon','Finished',6.0,0,5,NULL),
(424,'2015-07-26',20,NULL,25,'Indianapolis Motor Speedway','Finished',8.0,0,5,NULL),
(425,'2015-08-02',21,NULL,25,'Pocono Raceway','Finished',7.0,0,5,NULL),
(426,'2015-08-09',22,NULL,25,'Watkins Glen International','Finished',7.0,0,10,NULL),
(427,'2015-08-16',23,NULL,25,'Michigan International Speedway','Finished',7.0,0,5,NULL),
(428,'2015-08-22',24,NULL,25,'Bristol Motor Speedway','Finished',7.0,0,10,NULL),
(429,'2015-09-06',25,NULL,25,'Darlington Raceway','Finished',9.0,0,5,NULL),
(430,'2015-09-12',26,NULL,25,'Richmond Raceway','Finished',5.0,0,5,NULL),
(431,'2015-09-20',27,NULL,25,'Chicagoland Speedway, Chicago','Finished',6.0,0,5,NULL),
(432,'2015-09-27',28,NULL,25,'New Hampshire Motor Speedway, Loudon','Finished',6.0,0,5,NULL),
(433,'2015-10-04',29,NULL,25,'Dover International Speedway','Finished',7.0,0,9,NULL),
(434,'2015-10-10',30,NULL,25,'Charlotte Motor Speedway','Finished',6.0,4,10,NULL),
(435,'2015-10-18',31,NULL,25,'Kansas Speedway','Finished',8.0,0,10,NULL),
(436,'2015-10-25',32,NULL,25,'Talladega Superspeedway','Finished',4.0,0,10,NULL),
(437,'2015-11-01',33,NULL,25,'Martinsville Speedway','Finished',10.0,0,4,NULL),
(438,'2015-11-08',34,NULL,25,'Texas Motor Speedway','Finished',8.0,0,4,NULL),
(439,'2015-11-15',35,NULL,25,'ISM Raceway, Phoenix','Finished',6.0,4,4,NULL),
(440,'2015-11-22',36,NULL,25,'Homestead-Miami Speedway','Finished',8.0,4,5,NULL),
(441,'2015-03-29',1,NULL,26,'Streets of St. Petersburg','Finished',6.0,0,14,NULL),
(442,'2015-04-12',2,NULL,26,'NOLA Motorsports Park, Louisiana','Finished',5.0,4,16,NULL),
(443,'2015-04-19',3,NULL,26,'Streets of Long Beach','Finished',4.0,0,18,NULL),
(444,'2015-04-26',4,NULL,26,'Barber Motorsports Park, Alabama','Finished',8.0,0,41,NULL),
(445,'2015-05-09',5,NULL,26,'Indianapolis Motor Speedway Road Course','Finished',6.0,0,14,NULL),
(446,'2015-05-24',6,'Indianapolis 500',26,'Indianapolis Motor Speedway','Finished',9.0,0,14,NULL),
(447,'2015-05-30',7,NULL,26,'Belle Isle, Detroit','Finished',7.0,4,17,NULL),
(448,'2015-05-31',8,NULL,26,'Belle Isle, Detroit','Finished',7.0,4,42,NULL),
(449,'2015-06-06',9,NULL,26,'Texas Motor Speedway','Finished',6.0,0,18,NULL),
(450,'2015-06-14',10,NULL,26,'Exhibition Place, Toronto','Finished',8.0,4,41,NULL),
(451,'2015-06-27',11,NULL,26,'Auto Club Speedway, Fontana','Finished',9.0,0,19,NULL),
(452,'2015-07-12',12,NULL,26,'Milwaukee Mile','Finished',7.0,0,42,NULL),
(453,'2015-07-18',13,NULL,26,'Iowa Speedway','Finished',7.0,0,17,NULL),
(454,'2015-08-02',14,NULL,26,'Mid-Ohio Sports Car Course, Lexington','Finished',1.0,0,19,'I strongly suspect Indycar to throw a caution in an opportune time for Graham Rahal. I think this race was fixed.'),
(455,'2015-08-23',15,NULL,26,'Pocono Raceway','Finished',8.0,0,17,NULL),
(456,'2015-08-30',16,NULL,26,'Sonoma Raceway','Finished',9.0,0,18,NULL),
(457,'2015-04-12',1,NULL,27,'Silverstone Circuit','Finished',8.0,0,44,NULL),
(458,'2015-05-02',2,NULL,27,'Circuit de Spa-Francorchamps','Finished',8.0,0,44,'I attended this race.'),
(459,'2015-06-13',3,'24 Heures du Mans',27,'Circuit de la Sarthe, Le Mans','Finished',7.0,4,36,NULL),
(460,'2015-08-30',4,NULL,27,'Nürburgring','Finished',7.0,0,36,NULL),
(461,'2015-09-19',5,NULL,27,'Circuit of the Americas, Austin, Texas','Finished',5.0,0,36,NULL),
(462,'2015-10-11',6,NULL,27,'Fuji Speedway','Finished',7.0,4,36,NULL),
(463,'2015-11-01',7,NULL,27,'Shanghai International Circuit','Finished',7.0,4,36,NULL),
(464,'2015-11-21',8,NULL,27,'Bahrain International Circuit, Sakhir','Finished',8.0,0,36,NULL),
(465,'2014-03-16',1,NULL,28,'Albert Park, Melbourne','Finished',7.0,0,2,NULL),
(466,'2014-03-30',2,NULL,28,'Sepang International Circuit, Kuala Lumpur','Finished',6.0,0,2,NULL),
(467,'2014-04-06',3,NULL,28,'Bahrain International Circuit, Sakhir','Finished',9.0,0,2,NULL),
(468,'2014-04-20',4,NULL,28,'Shanghai International Circuit','Finished',6.0,0,2,NULL),
(469,'2014-05-11',5,NULL,28,'Circuit de Barcelona-Catalunya','Finished',7.0,0,2,NULL),
(470,'2014-05-25',6,NULL,28,'Circuit de Monaco, Monte Carlo','Finished',8.0,0,2,NULL),
(471,'2014-06-08',7,NULL,28,'Circuit Gilles Villeneuve, Montréal','Finished',9.0,0,7,NULL),
(472,'2014-06-22',8,NULL,28,'Red Bull Ring, Spielberg','Finished',8.0,0,2,NULL),
(473,'2014-07-06',9,NULL,28,'Silverstone Circuit','Finished',7.0,0,2,NULL),
(474,'2014-07-20',10,NULL,28,'Hockenheimring, Hockenheim','Finished',6.0,0,2,NULL),
(475,'2014-07-27',11,NULL,28,'Hungaroring, Budapest','Finished',9.0,4,7,NULL),
(476,'2014-08-24',12,NULL,28,'Circuit de Spa-Francorchamps','Finished',7.0,0,7,NULL),
(477,'2014-09-07',13,NULL,28,'Autodromo Nazionale Monza','Finished',6.0,0,2,NULL),
(478,'2014-09-21',14,NULL,28,'Marina Bay Street Circuit, Singapore','Finished',5.0,0,2,NULL),
(479,'2014-10-05',15,NULL,28,'Suzuka Circuit','Finished',6.0,0,2,NULL),
(480,'2014-10-12',16,NULL,28,'Sochi Autodrom','Finished',4.0,0,2,NULL),
(481,'2014-11-02',17,NULL,28,'Circuit of the Americas, Austin, Texas','Finished',9.0,0,2,NULL),
(482,'2014-11-09',18,NULL,28,'Autódromo José Carlos Pace, Interlagos','Finished',7.0,0,2,NULL),
(483,'2014-11-23',19,NULL,28,'Yas Marina Circuit, Abu Dhabi','Finished',5.0,0,2,NULL),
(484,'2014-03-23',1,NULL,29,'Losail Circuit','Stopped',9.0,0,24,NULL),
(485,'2014-04-13',2,NULL,29,'Circuit of the Americas, Austin, Texas','Finished',5.0,0,24,NULL),
(486,'2014-04-24',3,NULL,29,'Termas de Río Hondo','Finished',7.0,0,24,NULL),
(487,'2014-05-04',4,NULL,29,'Circuito de Jerez-Ángel Nieto Jerez de la Frontera','Finished',5.0,0,24,NULL),
(488,'2014-05-18',5,NULL,29,'Circuit Bugatti, Le Mans','Finished',6.0,0,24,NULL),
(489,'2014-06-01',6,NULL,29,'Mugello Circuit, Scarperia','Finished',9.0,0,24,NULL),
(490,'2014-06-15',7,NULL,29,'Circuit de Barcelona-Catalunya','Finished',9.0,0,24,NULL),
(491,'2014-06-28',8,NULL,29,'TT Circuit Assen','Finished',6.0,4,24,NULL),
(492,'2014-07-13',9,NULL,29,'Sachsenring, Hohenstein-Ernstthal','Finished',6.0,4,24,NULL),
(493,'2014-08-10',10,NULL,29,'Indianapolis Motor Speedway Road Course','Finished',6.0,0,24,NULL),
(494,'2014-08-17',11,NULL,29,'Masaryk Circuit, Brno','Finished',6.0,0,24,NULL),
(495,'2014-08-31',12,NULL,29,'Silverstone Circuit','Finished',6.0,0,24,NULL),
(496,'2014-09-14',13,NULL,29,'Misano World Circuit Marco Simoncelli','Finished',8.0,0,20,NULL),
(497,'2014-09-21',14,NULL,29,'Ciudad del Motor de Aragón','Finished',8.0,4,20,NULL),
(498,'2014-09-28',15,NULL,29,'Autódromo Internacional Nelson Piquet','Cancelled',NULL,NULL,NULL,NULL),
(499,'2014-10-12',16,NULL,29,'Twin Ring Motegi','Finished',5.0,0,20,NULL),
(500,'2014-10-19',17,NULL,29,'Phillip Island Circuit','Finished',9.0,0,20,NULL),
(501,'2014-10-26',18,NULL,29,'Sepang International Circuit, Kuala Lumpur','Finished',6.0,0,24,NULL),
(502,'2014-11-09',19,NULL,29,'Circuit Ricardo Tormo, Valencia','Finished',6.0,4,24,NULL),
(503,'2014-02-15',0,'Sprint Unlimited',30,'Daytona International Speedway','Finished',6.0,0,5,NULL),
(504,'2014-02-20',0,'Budweiser Duel 1',30,'Daytona International Speedway','Finished',6.0,0,5,NULL),
(505,'2014-02-20',0,'Budweiser Duel 2',30,'Daytona International Speedway','Finished',5.0,0,5,NULL),
(506,'2014-02-23',1,'Daytona 500',30,'Daytona International Speedway','Finished',7.0,4,4,NULL),
(507,'2014-03-02',2,NULL,30,'ISM Raceway, Phoenix','Finished',5.0,0,9,NULL),
(508,'2014-03-09',3,NULL,30,'Las Vegas Motor Speedway','Finished',5.0,0,10,NULL),
(509,'2014-03-16',4,NULL,30,'Bristol Motor Speedway','Finished',7.0,4,6,NULL),
(510,'2014-03-23',5,NULL,30,'Auto Club Speedway, Fontana','Finished',7.0,0,5,NULL),
(511,'2014-03-30',6,NULL,30,'Martinsville Speedway','Finished',7.0,0,9,NULL),
(512,'2014-04-06',7,NULL,30,'Texas Motor Speedway','Finished',5.0,4,10,NULL),
(513,'2014-04-12',8,NULL,30,'Darlington Raceway','Finished',6.0,0,9,NULL),
(514,'2014-04-26',9,NULL,30,'Richmond Raceway','Finished',8.0,0,10,NULL),
(515,'2014-05-04',10,NULL,30,'Talladega Superspeedway','Finished',5.0,0,5,NULL),
(516,'2014-05-10',11,NULL,30,'Kansas Speedway','Finished',8.0,4,4,NULL),
(517,'2014-05-16',0,'Sprint Showdown',30,'Charlotte Motor Speedway','Finished',6.0,0,47,NULL),
(518,'2014-05-17',0,'Sprint All-Star Race',30,'Charlotte Motor Speedway','Finished',6.0,0,11,NULL),
(519,'2014-05-25',12,'Coca-Cola 600',30,'Charlotte Motor Speedway','Finished',6.0,0,4,NULL),
(520,'2014-06-01',13,NULL,30,'Dover International Speedway','Finished',4.0,0,4,NULL),
(521,'2014-06-08',14,NULL,30,'Pocono Raceway','Finished',5.0,0,4,NULL),
(522,'2014-06-15',15,NULL,30,'Michigan International Speedway','Finished',4.0,0,4,NULL),
(523,'2014-06-22',16,NULL,30,'Sonoma Raceway','Finished',8.0,0,6,NULL),
(524,'2014-06-28',17,NULL,30,'Kentucky Speedway','Finished',4.0,0,10,NULL),
(525,'2014-07-05',18,NULL,30,'Daytona International Speedway','Finished',3.0,4,48,NULL),
(526,'2014-07-13',19,NULL,30,'New Hampshire Motor Speedway, Loudon','Finished',3.0,0,10,NULL),
(527,'2014-07-27',20,NULL,30,'Indianapolis Motor Speedway','Finished',6.0,0,4,NULL),
(528,'2014-08-03',21,NULL,30,'Pocono Raceway','Finished',4.0,0,4,NULL),
(529,'2014-08-10',22,NULL,30,'Watkins Glen International','Finished',8.0,0,49,NULL),
(530,'2014-08-17',23,NULL,30,'Michigan International Speedway','Finished',6.0,0,4,NULL),
(531,'2014-08-23',24,NULL,30,'Bristol Motor Speedway','Finished',6.0,0,10,NULL),
(532,'2014-08-31',25,NULL,30,'Atlanta Motor Speedway','Finished',7.0,0,4,NULL),
(533,'2014-09-06',26,NULL,30,'Richmond Raceway','Finished',3.0,0,10,'I attended this race.'),
(534,'2014-09-14',27,NULL,30,'Chicagoland Speedway, Chicago','Finished',6.0,0,10,NULL),
(535,'2014-09-21',28,NULL,30,'New Hampshire Motor Speedway, Loudon','Finished',8.0,0,10,NULL),
(536,'2014-09-28',29,NULL,30,'Dover International Speedway','Finished',4.0,0,4,NULL),
(537,'2014-10-05',30,NULL,30,'Kansas Speedway','Finished',7.0,0,10,NULL),
(538,'2014-10-11',31,NULL,30,'Charlotte Motor Speedway','Finished',6.0,0,9,NULL),
(539,'2014-10-19',32,NULL,30,'Talladega Superspeedway','Finished',7.0,0,10,NULL),
(540,'2014-10-26',33,NULL,30,'Martinsville Speedway','Finished',7.0,0,4,NULL),
(541,'2014-11-02',34,NULL,30,'Texas Motor Speedway','Finished',7.0,0,4,NULL),
(542,'2014-11-09',35,NULL,30,'ISM Raceway, Phoenix','Finished',8.0,0,9,NULL),
(543,'2014-11-16',36,NULL,30,'Homestead-Miami Speedway','Finished',9.0,0,9,NULL),
(544,'2014-03-30',1,NULL,31,'Streets of St. Petersburg','Finished',7.0,0,14,NULL),
(545,'2014-04-13',2,NULL,31,'Streets of Long Beach','Finished',8.0,0,41,NULL),
(546,'2014-04-26',3,NULL,31,'Barber Motorsports Park, Alabama','Finished',8.0,4,17,NULL),
(547,'2014-05-10',4,NULL,31,'Indianapolis Motor Speedway Road Course','Finished',8.0,0,16,NULL),
(548,'2014-05-25',5,'Indianapolis 500',31,'Indianapolis Motor Speedway','Finished',8.0,0,17,NULL),
(549,'2014-05-31',6,NULL,31,'Belle Isle, Detroit','Finished',7.0,0,14,NULL),
(550,'2014-06-01',7,NULL,31,'Belle Isle, Detroit','Finished',7.0,0,14,NULL),
(551,'2014-06-07',8,NULL,31,'Texas Motor Speedway','Finished',7.0,0,41,NULL),
(552,'2014-06-28',9,NULL,31,'Reliant Park, Houston','Finished',6.0,4,15,NULL),
(553,'2014-06-29',10,NULL,31,'Reliant Park, Houston','Finished',8.0,0,16,NULL),
(554,'2014-07-06',11,NULL,31,'Pocono Raceway','Finished',7.0,0,14,NULL),
(555,'2014-07-12',12,NULL,31,'Iowa Speedway','Finished',7.0,4,17,NULL),
(556,'2014-07-19',13,NULL,31,'Exhibition Place, Toronto','Finished',6.0,4,42,NULL),
(557,'2014-07-20',14,NULL,31,'Exhibition Place, Toronto','Finished',8.0,4,41,NULL),
(558,'2014-08-03',15,NULL,31,'Mid-Ohio Sports Car Course, Lexington','Finished',6.0,0,18,NULL),
(559,'2014-08-17',16,NULL,31,'Milwaukee Mile','Finished',7.0,0,14,NULL),
(560,'2014-08-24',17,NULL,31,'Sonoma Raceway','Finished',8.0,0,18,NULL),
(561,'2014-08-30',18,NULL,31,'Auto Club Speedway, Fontana','Finished',7.0,0,18,NULL),
(562,'2014-04-20',1,NULL,32,'Silverstone Circuit','Finished',6.0,4,37,NULL),
(563,'2014-05-04',2,NULL,32,'Circuit de Spa-Francorchamps','Finished',6.0,0,37,NULL),
(564,'2014-06-14',3,'24 Heures du Mans',32,'Circuit de la Sarthe, Le Mans','Finished',7.0,4,44,NULL),
(565,'2014-09-20',4,NULL,32,'Circuit of the Americas, Austin, Texas','Finished',6.0,4,44,NULL),
(566,'2014-10-12',5,NULL,32,'Fuji Speedway','Finished',5.0,0,37,NULL),
(567,'2014-11-02',6,NULL,32,'Shanghai International Circuit','Finished',5.0,0,37,NULL),
(568,'2014-11-15',7,NULL,32,'Bahrain International Circuit, Sakhir','Finished',6.0,0,37,NULL),
(569,'2014-11-30',8,NULL,32,'Autódromo José Carlos Pace, Interlagos','Finished',7.0,0,36,NULL),
(570,'2013-03-17',1,NULL,33,'Albert Park, Melbourne','Finished',8.0,0,50,NULL),
(571,'2013-03-24',2,NULL,33,'Sepang International Circuit, Kuala Lumpur','Finished',6.0,4,7,NULL),
(572,'2013-04-14',3,NULL,33,'Shanghai International Circuit','Finished',8.0,0,1,NULL),
(573,'2013-04-21',4,NULL,33,'Bahrain International Circuit, Sakhir','Finished',8.0,0,7,NULL),
(574,'2013-05-12',5,NULL,33,'Circuit de Barcelona-Catalunya','Finished',6.0,0,1,NULL),
(575,'2013-05-26',6,NULL,33,'Circuit de Monaco, Monte Carlo','Finished',6.0,0,2,NULL),
(576,'2013-06-09',7,NULL,33,'Circuit Gilles Villeneuve, Montréal','Finished',8.0,0,7,NULL),
(577,'2013-06-30',8,NULL,33,'Silverstone Circuit','Finished',7.0,0,2,NULL),
(578,'2013-07-07',9,NULL,33,'Nürburgring','Finished',7.0,0,7,NULL),
(579,'2013-07-28',10,NULL,33,'Hungaroring, Budapest','Finished',7.0,0,2,NULL),
(580,'2013-08-25',11,NULL,33,'Circuit de Spa-Francorchamps','Finished',7.0,0,7,NULL),
(581,'2013-09-08',12,NULL,33,'Autodromo Nazionale Monza','Finished',7.0,0,7,NULL),
(582,'2013-09-22',13,NULL,33,'Marina Bay Street Circuit, Singapore','Finished',6.0,0,7,NULL),
(583,'2013-10-06',14,NULL,33,'Korea International Circuit, Yeongam','Finished',7.0,0,7,NULL),
(584,'2013-10-13',15,NULL,33,'Suzuka Circuit','Finished',6.0,0,7,NULL),
(585,'2013-10-27',16,NULL,33,'Buddh International Circuit, New Delhi','Finished',6.0,0,7,NULL),
(586,'2013-11-03',17,NULL,33,'Yas Marina Circuit, Abu Dhabi','Finished',4.0,0,7,NULL),
(587,'2013-11-17',18,NULL,33,'Circuit of the Americas, Austin, Texas','Finished',5.0,0,7,NULL),
(588,'2013-11-24',19,NULL,33,'Autódromo José Carlos Pace, Interlagos','Finished',6.0,0,7,NULL),
(589,'2013-04-07',1,NULL,34,'Losail Circuit','Finished',8.0,0,20,NULL),
(590,'2013-04-21',2,NULL,34,'Circuit of the Americas, Austin, Texas','Finished',5.0,0,24,NULL),
(591,'2013-05-05',3,NULL,34,'Circuito de Jerez-Ángel Nieto Jerez de la Frontera','Finished',6.0,0,24,NULL),
(592,'2013-05-19',4,NULL,34,'Circuit Bugatti, Le Mans','Finished',7.0,4,24,NULL),
(593,'2013-06-02',5,NULL,34,'Mugello Circuit, Scarperia','Finished',5.0,0,20,NULL),
(594,'2013-06-16',6,NULL,34,'Circuit de Barcelona-Catalunya','Finished',7.0,0,20,NULL),
(595,'2013-06-29',7,NULL,34,'TT Circuit Assen','Finished',7.0,0,20,NULL),
(596,'2013-07-14',8,NULL,34,'Sachsenring, Hohenstein-Ernstthal','Finished',7.0,0,24,NULL),
(597,'2013-07-21',9,NULL,34,'Laguna Seca Raceway','Finished',4.0,0,24,NULL),
(598,'2013-08-18',10,NULL,34,'Indianapolis Motor Speedway Road Course','Finished',6.0,0,24,NULL),
(599,'2013-08-25',11,NULL,34,'Masaryk Circuit, Brno','Finished',7.0,4,24,NULL),
(600,'2013-09-01',12,NULL,34,'Silverstone Circuit','Finished',8.0,0,20,NULL),
(601,'2013-09-15',13,NULL,34,'Misano World Circuit Marco Simoncelli','Finished',5.0,0,20,NULL),
(602,'2013-09-29',14,NULL,34,'Ciudad del Motor de Aragón','Finished',7.0,0,24,NULL),
(603,'2013-10-13',15,NULL,34,'Sepang International Circuit, Kuala Lumpur','Finished',7.0,0,24,NULL),
(604,'2013-10-20',16,NULL,34,'Phillip Island Circuit','Finished',8.0,0,20,NULL),
(605,'2013-10-27',17,NULL,34,'Twin Ring Motegi','Finished',6.0,0,20,NULL),
(606,'2013-11-10',18,NULL,34,'Circuit Ricardo Tormo, Valencia','Finished',9.0,0,20,NULL),
(607,'2013-02-16',0,'Sprint Unlimited',35,'Daytona International Speedway','Finished',7.0,0,12,NULL),
(608,'2013-02-21',0,'Budweiser Duel 1',35,'Daytona International Speedway','Finished',6.0,0,12,NULL),
(609,'2013-02-21',0,'Budweiser Duel 2',35,'Daytona International Speedway','Finished',6.0,0,5,NULL),
(610,'2013-02-24',1,'Daytona 500',35,'Daytona International Speedway','Finished',5.0,0,4,NULL),
(611,'2013-03-03',2,NULL,35,'ISM Raceway, Phoenix','Finished',8.0,0,6,NULL),
(612,'2013-03-10',3,NULL,35,'Las Vegas Motor Speedway','Finished',6.0,0,5,NULL),
(613,'2013-03-17',4,NULL,35,'Bristol Motor Speedway','Finished',7.0,0,4,NULL),
(614,'2013-03-24',5,NULL,35,'Auto Club Speedway, Fontana','Finished',8.0,0,5,NULL),
(615,'2013-04-07',6,NULL,35,'Martinsville Speedway','Finished',5.0,0,4,NULL),
(616,'2013-04-13',7,NULL,35,'Texas Motor Speedway','Finished',7.0,0,5,NULL),
(617,'2013-04-21',8,NULL,35,'Kansas Speedway','Finished',5.0,0,5,NULL),
(618,'2013-04-27',9,NULL,35,'Richmond Raceway','Finished',7.0,0,12,NULL),
(619,'2013-05-05',10,NULL,35,'Talladega Superspeedway','Finished',8.0,4,40,NULL),
(620,'2013-05-11',11,NULL,35,'Darlington Raceway','Finished',5.0,0,5,NULL),
(621,'2013-05-18',0,'Sprint Showdown',35,'Charlotte Motor Speedway','Finished',6.0,0,11,NULL),
(622,'2013-05-18',0,'Sprint All-Star Race',35,'Charlotte Motor Speedway','Finished',5.0,4,4,NULL),
(623,'2013-05-26',12,'Coca-Cola 600',35,'Charlotte Motor Speedway','Finished',7.0,0,12,NULL),
(624,'2013-06-02',13,NULL,35,'Dover International Speedway','Finished',7.0,0,9,NULL),
(625,'2013-06-09',14,NULL,35,'Pocono Raceway','Finished',3.0,0,4,NULL),
(626,'2013-06-16',15,NULL,35,'Michigan International Speedway','Finished',6.0,0,6,NULL),
(627,'2013-06-23',16,NULL,35,'Sonoma Raceway','Finished',7.0,4,47,NULL),
(628,'2013-06-29',17,NULL,35,'Kentucky Speedway','Finished',7.0,4,5,NULL),
(629,'2013-07-06',18,NULL,35,'Daytona International Speedway','Finished',3.0,0,4,NULL),
(630,'2013-07-14',19,NULL,35,'New Hampshire Motor Speedway, Loudon','Finished',6.0,0,47,NULL),
(631,'2013-07-28',20,NULL,35,'Indianapolis Motor Speedway','Finished',3.0,0,9,NULL),
(632,'2013-08-04',21,NULL,35,'Pocono Raceway','Finished',6.0,0,4,NULL),
(633,'2013-08-11',22,NULL,35,'Watkins Glen International','Finished',7.0,0,5,NULL),
(634,'2013-08-18',23,NULL,35,'Michigan International Speedway','Finished',8.0,0,10,NULL),
(635,'2013-08-24',24,NULL,35,'Bristol Motor Speedway','Finished',7.0,0,5,NULL),
(636,'2013-09-01',25,NULL,35,'Atlanta Motor Speedway','Finished',8.0,0,5,NULL),
(637,'2013-09-07',26,NULL,35,'Richmond Raceway','Finished',8.0,0,6,NULL),
(638,'2013-09-15',27,NULL,35,'Chicagoland Speedway, Chicago','Finished',5.0,4,5,NULL),
(639,'2013-09-22',28,NULL,35,'New Hampshire Motor Speedway, Loudon','Finished',6.0,0,5,NULL),
(640,'2013-09-29',29,NULL,35,'Dover International Speedway','Finished',7.0,0,4,NULL),
(641,'2013-10-06',30,NULL,35,'Kansas Speedway','Finished',8.0,0,12,NULL),
(642,'2013-10-12',31,NULL,35,'Charlotte Motor Speedway','Finished',6.0,0,10,NULL),
(643,'2013-10-20',32,NULL,35,'Talladega Superspeedway','Finished',4.0,0,11,NULL),
(644,'2013-10-27',33,NULL,35,'Martinsville Speedway','Finished',7.0,0,4,NULL),
(645,'2013-11-03',34,NULL,35,'Texas Motor Speedway','Finished',6.0,0,4,NULL),
(646,'2013-11-10',35,NULL,35,'ISM Raceway, Phoenix','Finished',8.0,0,12,NULL),
(647,'2013-11-17',36,NULL,35,'Homestead-Miami Speedway','Finished',6.0,0,5,NULL),
(648,'2013-03-24',1,NULL,36,'Streets of St. Petersburg','Finished',6.0,0,17,NULL),
(649,'2013-04-07',2,NULL,36,'Barber Motorsports Park, Alabama','Finished',7.0,0,17,NULL),
(650,'2013-04-21',3,NULL,36,'Streets of Long Beach','Finished',6.0,0,51,NULL),
(651,'2013-05-05',4,NULL,36,'Santana Street Circuit, São Paulo','Finished',8.0,0,17,NULL),
(652,'2013-05-26',5,'Indianapolis 500',36,'Indianapolis Motor Speedway','Finished',8.0,0,42,NULL),
(653,'2013-06-01',6,NULL,36,'Belle Isle, Detroit','Finished',6.0,0,15,NULL),
(654,'2013-06-02',7,NULL,36,'Belle Isle, Detroit','Finished',7.0,0,16,NULL),
(655,'2013-06-08',8,NULL,36,'Texas Motor Speedway','Finished',6.0,0,14,NULL),
(656,'2013-06-15',9,NULL,36,'Milwaukee Mile','Finished',6.0,0,17,NULL),
(657,'2013-06-23',10,NULL,36,'Iowa Speedway','Cancelled',6.0,0,17,NULL),
(658,'2013-07-07',11,NULL,36,'Pocono Raceway','Finished',7.0,0,18,NULL),
(659,'2013-07-13',12,NULL,36,'Exhibition Place, Toronto','Finished',8.0,0,18,NULL),
(660,'2013-07-14',13,NULL,36,'Exhibition Place, Toronto','Finished',5.0,0,18,NULL),
(661,'2013-08-04',14,NULL,36,'Mid-Ohio Sports Car Course, Lexington','Finished',6.0,0,18,NULL),
(662,'2013-08-25',15,NULL,36,'Sonoma Raceway','Finished',7.0,0,14,NULL),
(663,'2013-09-01',16,NULL,36,'Baltimore Street Circuit, Maryland','Finished',8.0,0,16,NULL),
(664,'2013-10-05',17,NULL,36,'Reliant Park, Houston','Finished',7.0,0,18,NULL),
(665,'2013-10-06',18,NULL,36,'Reliant Park, Houston','Finished',8.0,0,14,NULL),
(666,'2013-10-19',19,NULL,36,'Auto Club Speedway, Fontana','Finished',8.0,0,14,NULL),
(667,'2012-03-18',1,NULL,37,'Albert Park, Melbourne','Finished',6.0,0,52,NULL),
(668,'2012-03-25',2,NULL,37,'Sepang International Circuit, Kuala Lumpur','Finished',9.0,4,1,NULL),
(669,'2012-04-15',3,NULL,37,'Shanghai International Circuit','Finished',9.0,0,2,NULL),
(670,'2012-04-22',4,NULL,37,'Bahrain International Circuit, Sakhir','Finished',7.0,0,7,NULL),
(671,'2012-05-13',5,NULL,37,'Circuit de Barcelona-Catalunya','Finished',7.0,0,3,NULL),
(672,'2012-05-27',6,NULL,37,'Circuit de Monaco, Monte Carlo','Finished',5.0,4,7,NULL),
(673,'2012-06-10',7,NULL,37,'Circuit Gilles Villeneuve, Montréal','Finished',7.0,0,52,NULL),
(674,'2012-06-24',8,NULL,37,'Valencia Street Circuit','Finished',9.0,0,1,NULL),
(675,'2012-07-08',9,NULL,37,'Silverstone Circuit','Finished',6.0,0,7,NULL),
(676,'2012-07-22',10,NULL,37,'Hockenheimring, Hockenheim','Finished',8.0,0,1,NULL),
(677,'2012-07-29',11,NULL,37,'Hungaroring, Budapest','Finished',4.0,0,52,NULL),
(678,'2012-09-02',12,NULL,37,'Circuit de Spa-Francorchamps','Finished',6.0,0,52,'I attended this race.'),
(679,'2012-09-09',13,NULL,37,'Autodromo Nazionale Monza','Finished',6.0,0,52,NULL),
(680,'2012-09-23',14,NULL,37,'Marina Bay Street Circuit, Singapore','Finished',5.0,0,7,NULL),
(681,'2012-10-07',15,NULL,37,'Suzuka Circuit','Finished',4.0,0,7,NULL),
(682,'2012-10-14',16,NULL,37,'Korea International Circuit, Yeongam','Finished',5.0,0,7,NULL),
(683,'2012-10-28',17,NULL,37,'Buddh International Circuit, New Delhi','Finished',5.0,0,1,NULL),
(684,'2012-11-04',18,NULL,37,'Yas Marina Circuit, Abu Dhabi','Finished',10.0,0,50,NULL),
(685,'2012-11-18',19,NULL,37,'Circuit of the Americas, Austin, Texas','Finished',8.0,0,52,NULL),
(686,'2012-11-25',20,NULL,37,'Autódromo José Carlos Pace, Interlagos','Finished',8.0,4,52,NULL),
(687,'2012-04-08',1,NULL,38,'Losail Circuit','Finished',6.0,0,20,NULL),
(688,'2012-04-29',2,NULL,38,'Circuito de Jerez-Ángel Nieto Jerez de la Frontera','Finished',5.0,4,24,NULL),
(689,'2012-05-06',3,NULL,38,'Autódromo do Estoril','Finished',3.0,0,24,NULL),
(690,'2012-05-20',4,NULL,38,'Circuit Bugatti, Le Mans','Finished',6.0,4,20,NULL),
(691,'2012-06-03',5,NULL,38,'Circuit de Barcelona-Catalunya','Finished',6.0,0,20,NULL),
(692,'2012-06-17',6,NULL,38,'Silverstone Circuit','Finished',5.0,0,20,NULL),
(693,'2012-06-30',7,NULL,38,'TT Circuit Assen','Finished',4.0,0,24,NULL),
(694,'2012-07-08',8,NULL,38,'Sachsenring, Hohenstein-Ernstthal','Finished',6.0,4,24,NULL),
(695,'2012-07-15',9,NULL,38,'Mugello Circuit, Scarperia','Finished',5.0,0,20,NULL),
(696,'2012-07-29',10,NULL,38,'Laguna Seca Raceway','Finished',5.0,0,24,NULL),
(697,'2012-08-19',11,NULL,38,'Indianapolis Motor Speedway Road Course','Finished',5.0,0,24,NULL),
(698,'2012-08-26',12,NULL,38,'Masaryk Circuit, Brno','Finished',8.0,0,24,NULL),
(699,'2012-09-16',13,NULL,38,'Misano World Circuit Marco Simoncelli','Finished',6.0,0,20,NULL),
(700,'2012-09-30',14,NULL,38,'Ciudad del Motor de Aragón','Finished',4.0,0,24,NULL),
(701,'2012-10-14',15,NULL,38,'Twin Ring Motegi','Finished',5.0,0,24,NULL),
(702,'2012-10-21',16,NULL,38,'Sepang International Circuit, Kuala Lumpur','Finished',5.0,4,24,NULL),
(703,'2012-10-28',17,NULL,38,'Phillip Island Circuit','Finished',6.0,0,24,NULL),
(704,'2012-11-11',18,NULL,38,'Circuit Ricardo Tormo, Valencia','Finished',8.0,4,24,NULL),
(705,'2012-02-19',0,'Budweiser Shootout',39,'Daytona International Speedway','Finished',6.0,0,5,NULL),
(706,'2012-02-23',0,'Gatorade Duel 1',39,'Daytona International Speedway','Finished',6.0,0,9,NULL),
(707,'2012-02-23',0,'Gatorade Duel 2',39,'Daytona International Speedway','Finished',5.0,0,6,NULL),
(708,'2012-02-26',1,'Daytona 500',39,'Daytona International Speedway','Finished',7.0,4,6,NULL),
(709,'2012-03-04',2,NULL,39,'ISM Raceway, Phoenix','Finished',6.0,0,5,NULL),
(710,'2012-03-11',3,NULL,39,'Las Vegas Motor Speedway','Finished',6.0,0,9,NULL),
(711,'2012-03-18',4,NULL,39,'Bristol Motor Speedway','Finished',6.0,0,10,NULL),
(712,'2012-03-25',5,NULL,39,'Auto Club Speedway, Fontana','Finished',4.0,4,9,NULL),
(713,'2012-04-01',6,NULL,39,'Martinsville Speedway','Finished',7.0,0,9,NULL),
(714,'2012-04-15',7,NULL,39,'Texas Motor Speedway','Finished',5.0,0,6,NULL),
(715,'2012-04-22',8,NULL,39,'Kansas Speedway','Finished',4.0,0,5,NULL),
(716,'2012-04-29',9,NULL,39,'Richmond Raceway','Finished',6.0,0,5,NULL),
(717,'2012-05-06',10,NULL,39,'Talladega Superspeedway','Finished',5.0,0,10,NULL),
(718,'2012-05-13',11,NULL,39,'Darlington Raceway','Finished',7.0,0,4,NULL),
(719,'2012-05-20',0,'Sprint Showdown',39,'Charlotte Motor Speedway','Finished',6.0,0,4,NULL),
(720,'2012-05-20',0,'Sprint All-Star Race',39,'Charlotte Motor Speedway','Finished',6.0,0,4,NULL),
(721,'2012-05-27',12,'Coca-Cola 600',39,'Charlotte Motor Speedway','Finished',4.0,0,4,NULL),
(722,'2012-06-03',13,NULL,39,'Dover International Speedway','Finished',5.0,0,4,NULL),
(723,'2012-06-10',14,NULL,39,'Pocono Raceway','Finished',7.0,0,5,NULL),
(724,'2012-06-17',15,NULL,39,'Michigan International Speedway','Finished',5.0,4,4,NULL),
(725,'2012-06-24',16,NULL,39,'Sonoma Raceway','Finished',6.0,0,47,NULL),
(726,'2012-07-01',17,NULL,39,'Kentucky Speedway','Finished',7.0,0,10,NULL),
(727,'2012-07-07',18,NULL,39,'Daytona International Speedway','Finished',6.0,0,9,NULL),
(728,'2012-07-15',19,NULL,39,'New Hampshire Motor Speedway, Loudon','Finished',4.0,0,4,NULL),
(729,'2012-07-29',20,NULL,39,'Indianapolis Motor Speedway','Finished',3.0,0,4,NULL),
(730,'2012-08-05',21,NULL,39,'Pocono Raceway','Finished',5.0,4,4,NULL),
(731,'2012-08-12',22,NULL,39,'Watkins Glen International','Finished',8.0,4,48,NULL),
(732,'2012-08-19',23,NULL,39,'Michigan International Speedway','Finished',8.0,0,6,NULL),
(733,'2012-08-26',24,NULL,39,'Bristol Motor Speedway','Finished',7.0,0,5,NULL),
(734,'2012-09-02',25,NULL,39,'Atlanta Motor Speedway','Finished',6.0,0,5,NULL),
(735,'2012-09-09',26,NULL,39,'Richmond Raceway','Finished',7.0,4,47,NULL),
(736,'2012-09-16',27,NULL,39,'Chicagoland Speedway, Chicago','Finished',3.0,0,10,NULL),
(737,'2012-09-23',28,NULL,39,'New Hampshire Motor Speedway, Loudon','Finished',3.0,0,5,NULL),
(738,'2012-09-30',29,NULL,39,'Dover International Speedway','Finished',6.0,0,10,NULL),
(739,'2012-10-07',30,NULL,39,'Talladega Superspeedway','Finished',5.0,0,6,NULL),
(740,'2012-10-14',31,NULL,39,'Charlotte Motor Speedway','Finished',6.0,0,47,NULL),
(741,'2012-10-21',32,NULL,39,'Kansas Speedway','Finished',6.0,0,6,NULL),
(742,'2012-10-28',33,NULL,39,'Martinsville Speedway','Finished',7.0,0,4,NULL),
(743,'2012-11-04',34,NULL,39,'Texas Motor Speedway','Finished',6.0,0,4,NULL),
(744,'2012-11-11',35,NULL,39,'ISM Raceway, Phoenix','Finished',9.0,0,12,NULL),
(745,'2012-11-18',36,NULL,39,'Homestead-Miami Speedway','Finished',7.0,0,4,NULL),
(746,'2012-03-25',1,NULL,40,'Streets of St. Petersburg','Finished',6.0,0,14,NULL),
(747,'2012-04-01',2,NULL,40,'Barber Motorsports Park, Alabama','Finished',7.0,0,14,NULL),
(748,'2012-04-15',3,NULL,40,'Streets of Long Beach','Finished',8.0,0,14,NULL),
(749,'2012-04-29',4,NULL,40,'Santana Street Circuit, São Paulo','Finished',6.0,0,14,NULL),
(750,'2012-05-27',5,'Indianapolis 500',40,'Indianapolis Motor Speedway','Finished',7.0,0,18,NULL),
(751,'2012-06-03',6,NULL,40,'Belle Isle, Detroit','Finished',5.0,0,18,NULL),
(752,'2012-06-09',7,NULL,40,'Texas Motor Speedway','Finished',8.0,0,15,NULL),
(753,'2012-06-16',8,NULL,40,'Milwaukee Mile','Finished',6.0,4,17,NULL),
(754,'2012-06-23',9,NULL,40,'Iowa Speedway','Finished',6.0,4,17,NULL),
(755,'2012-07-08',10,NULL,40,'Exhibition Place, Toronto','Finished',6.0,0,17,NULL),
(756,'2012-07-22',11,NULL,40,'Edmonton City Centre Airport','Finished',7.0,0,14,NULL),
(757,'2012-08-05',12,NULL,40,'Mid-Ohio Sports Car Course, Lexington','Finished',6.0,0,18,NULL),
(758,'2012-08-26',13,NULL,40,'Sonoma Raceway','Finished',6.0,0,14,NULL),
(759,'2012-09-02',14,NULL,40,'Baltimore Street Circuit, Maryland','Finished',7.0,4,17,NULL),
(760,'2012-09-15',15,NULL,40,'Auto Club Speedway, Fontana','Finished',8.0,0,41,NULL),
(761,'2011-03-13',1,NULL,41,'Bahrain International Circuit, Sakhir','Cancelled',0.0,NULL,NULL,NULL),
(762,'2011-03-27',2,NULL,41,'Albert Park, Melbourne','Finished',6.0,0,7,NULL),
(763,'2011-04-10',3,NULL,41,'Sepang International Circuit, Kuala Lumpur','Finished',7.0,0,7,NULL),
(764,'2011-04-17',4,NULL,41,'Shanghai International Circuit','Finished',8.0,0,52,NULL),
(765,'2011-05-08',5,NULL,41,'Istanbul Park','Finished',7.0,0,7,NULL),
(766,'2011-05-22',6,NULL,41,'Circuit de Barcelona-Catalunya','Finished',6.0,0,7,NULL),
(767,'2011-05-29',7,NULL,41,'Circuit de Monaco, Monte Carlo','Finished',6.0,0,7,NULL),
(768,'2011-06-12',8,NULL,41,'Circuit Gilles Villeneuve, Montréal','Finished',9.0,4,52,NULL),
(769,'2011-06-26',9,NULL,41,'Valencia Street Circuit','Finished',6.0,0,7,NULL),
(770,'2011-07-10',10,NULL,41,'Silverstone Circuit','Finished',7.0,4,1,NULL),
(771,'2011-07-24',11,NULL,41,'Nürburgring','Finished',6.0,0,52,NULL),
(772,'2011-07-31',12,NULL,41,'Hungaroring, Budapest','Finished',7.0,4,52,NULL),
(773,'2011-08-28',13,NULL,41,'Circuit de Spa-Francorchamps','Finished',7.0,0,7,NULL),
(774,'2011-09-11',14,NULL,41,'Autodromo Nazionale Monza','Finished',6.0,0,7,NULL),
(775,'2011-09-25',15,NULL,41,'Marina Bay Street Circuit, Singapore','Finished',5.0,0,7,NULL),
(776,'2011-10-09',16,NULL,41,'Suzuka Circuit','Finished',6.0,0,52,NULL),
(777,'2011-10-16',17,NULL,41,'Korea International Circuit, Yeongam','Finished',6.0,0,7,NULL),
(778,'2011-10-30',18,NULL,41,'Buddh International Circuit, New Delhi','Finished',5.0,0,7,NULL),
(779,'2011-11-13',19,NULL,41,'Yas Marina Circuit, Abu Dhabi','Finished',5.0,0,52,NULL),
(780,'2011-11-27',20,NULL,41,'Autódromo José Carlos Pace, Interlagos','Finished',5.0,0,7,NULL),
(781,'2011-03-20',1,NULL,42,'Losail Circuit','Finished',5.0,0,24,NULL),
(782,'2011-04-03',2,NULL,42,'Circuito de Jerez-Ángel Nieto Jerez de la Frontera','Finished',7.0,4,20,NULL),
(783,'2011-05-01',3,NULL,42,'Autódromo do Estoril','Finished',6.0,0,24,NULL),
(784,'2011-05-15',4,NULL,42,'Circuit Bugatti, Le Mans','Finished',5.0,0,24,NULL),
(785,'2011-06-05',5,NULL,42,'Circuit de Barcelona-Catalunya','Finished',4.0,0,24,NULL),
(786,'2011-06-12',6,NULL,42,'Silverstone Circuit','Finished',6.0,4,24,NULL),
(787,'2011-06-25',7,NULL,42,'TT Circuit Assen','Finished',4.0,4,20,NULL),
(788,'2011-07-03',8,NULL,42,'Mugello Circuit, Scarperia','Finished',6.0,0,20,NULL),
(789,'2011-07-17',9,NULL,42,'Sachsenring, Hohenstein-Ernstthal','Finished',6.0,0,24,NULL),
(790,'2011-07-24',10,NULL,42,'Laguna Seca Raceway','Finished',6.0,0,24,NULL),
(791,'2011-08-14',11,NULL,42,'Masaryk Circuit, Brno','Finished',5.0,0,24,NULL),
(792,'2011-08-28',12,NULL,42,'Indianapolis Motor Speedway Road Course','Finished',4.0,0,24,NULL),
(793,'2011-09-04',13,NULL,42,'Misano World Circuit Marco Simoncelli','Finished',6.0,4,20,NULL),
(794,'2011-09-18',14,NULL,42,'Ciudad del Motor de Aragón','Finished',4.0,0,24,NULL),
(795,'2011-10-02',15,NULL,42,'Twin Ring Motegi','Finished',6.0,0,24,NULL),
(796,'2011-10-16',16,NULL,42,'Phillip Island Circuit','Finished',6.0,4,24,NULL),
(797,'2011-10-23',17,NULL,42,'Sepang International Circuit, Kuala Lumpur','Stopped',0.0,NULL,NULL,'Stopped after fatal accident of Marco Simoncelli.'),
(798,'2011-11-06',18,NULL,42,'Circuit Ricardo Tormo, Valencia','Finished',7.0,4,24,NULL),
(799,'2011-02-12',0,'Budweiser Shootout',43,'Daytona International Speedway','Finished',5.0,0,10,NULL),
(800,'2011-02-17',0,'Gatorade Duel 1',43,'Daytona International Speedway','Finished',5.0,0,10,NULL),
(801,'2011-02-17',0,'Gatorade Duel 2',43,'Daytona International Speedway','Finished',5.0,0,12,NULL),
(802,'2011-02-20',1,'Daytona 500',43,'Daytona International Speedway','Finished',7.0,0,13,NULL),
(803,'2011-02-27',2,NULL,43,'ISM Raceway, Phoenix','Finished',5.0,0,4,NULL),
(804,'2011-03-06',3,NULL,43,'Las Vegas Motor Speedway','Finished',5.0,0,6,NULL),
(805,'2011-03-20',4,NULL,43,'Bristol Motor Speedway','Finished',4.0,0,5,NULL),
(806,'2011-03-27',5,NULL,43,'Auto Club Speedway, Fontana','Finished',4.0,0,12,NULL),
(807,'2011-04-03',6,NULL,43,'Martinsville Speedway','Finished',6.0,0,12,NULL),
(808,'2011-04-10',7,NULL,43,'Texas Motor Speedway','Finished',6.0,0,6,NULL),
(809,'2011-04-17',8,NULL,43,'Talladega Superspeedway','Finished',5.0,0,4,NULL),
(810,'2011-04-30',9,NULL,43,'Richmond Raceway','Finished',6.0,0,5,NULL),
(811,'2011-05-07',10,NULL,43,'Darlington Raceway','Finished',8.0,0,8,NULL),
(812,'2011-05-15',11,NULL,43,'Dover International Speedway','Finished',6.0,4,6,NULL),
(813,'2011-05-21',0,'Sprint Showdown',43,'Charlotte Motor Speedway','Finished',5.0,0,6,NULL),
(814,'2011-05-21',0,'Sprint All-Star Race',43,'Charlotte Motor Speedway','Finished',7.0,0,6,NULL),
(815,'2011-05-29',12,'Coca-Cola 600',43,'Charlotte Motor Speedway','Finished',5.0,0,12,NULL),
(816,'2011-06-05',13,NULL,43,'Kansas Speedway','Finished',5.0,0,10,NULL),
(817,'2011-06-12',14,NULL,43,'Pocono Raceway','Finished',3.0,0,4,NULL),
(818,'2011-06-19',15,NULL,43,'Michigan International Speedway','Finished',4.0,0,5,NULL),
(819,'2011-06-26',16,NULL,43,'Sonoma Raceway','Finished',7.0,0,10,NULL),
(820,'2011-07-03',17,NULL,43,'Daytona International Speedway','Finished',3.0,0,6,NULL),
(821,'2011-07-10',18,NULL,43,'Kentucky Speedway','Finished',5.0,0,5,NULL),
(822,'2011-07-17',19,NULL,43,'New Hampshire Motor Speedway, Loudon','Finished',6.0,0,9,NULL),
(823,'2011-07-31',20,NULL,43,'Indianapolis Motor Speedway','Finished',6.0,0,12,NULL),
(824,'2011-08-07',21,NULL,43,'Pocono Raceway','Finished',5.0,4,10,NULL),
(825,'2011-08-14',22,NULL,43,'Watkins Glen International','Finished',7.0,4,48,NULL),
(826,'2011-08-21',23,NULL,43,'Michigan International Speedway','Finished',3.0,0,5,NULL),
(827,'2011-08-28',24,NULL,43,'Bristol Motor Speedway','Finished',5.0,0,10,NULL),
(828,'2011-09-04',25,NULL,43,'Atlanta Motor Speedway','Finished',7.0,4,4,NULL),
(829,'2011-09-11',26,NULL,43,'Richmond Raceway','Finished',7.0,0,12,NULL),
(830,'2011-09-18',27,NULL,43,'Chicagoland Speedway, Chicago','Finished',7.0,4,9,NULL),
(831,'2011-09-25',28,NULL,43,'New Hampshire Motor Speedway, Loudon','Finished',4.0,0,9,NULL),
(832,'2011-10-02',29,NULL,43,'Dover International Speedway','Finished',6.0,0,10,NULL),
(833,'2011-10-09',30,NULL,43,'Kansas Speedway','Finished',5.0,0,4,NULL),
(834,'2011-10-16',31,NULL,43,'Charlotte Motor Speedway','Finished',6.0,0,6,NULL),
(835,'2011-10-23',32,NULL,43,'Talladega Superspeedway','Finished',7.0,0,12,NULL),
(836,'2011-10-30',33,NULL,43,'Martinsville Speedway','Finished',7.0,0,9,NULL),
(837,'2011-11-06',34,NULL,43,'Texas Motor Speedway','Finished',6.0,0,9,NULL),
(838,'2011-11-13',35,NULL,43,'ISM Raceway, Phoenix','Finished',8.0,0,4,NULL),
(839,'2011-11-20',36,NULL,43,'Homestead-Miami Speedway','Finished',8.0,3,9,NULL),
(840,'2011-03-27',1,NULL,44,'Streets of St. Petersburg','Finished',4.0,0,18,NULL),
(841,'2011-04-10',2,NULL,44,'Barber Motorsports Park, Alabama','Finished',6.0,0,14,NULL),
(842,'2011-04-17',3,NULL,44,'Streets of Long Beach','Finished',5.0,0,17,NULL),
(843,'2011-05-01',4,NULL,44,'Santana Street Circuit, São Paulo','Finished',5.0,0,14,NULL),
(844,'2011-05-29',5,NULL,44,'Indianapolis Motor Speedway','Finished',8.0,0,54,NULL),
(845,'2011-06-11',6,'Twin 275s: Race 1',44,'Texas Motor Speedway','Cancelled',5.0,0,18,NULL),
(846,'2011-06-11',7,'Twin 275s: Race 2',44,'Texas Motor Speedway','Finished',7.0,0,14,NULL),
(847,'2011-06-19',8,NULL,44,'Milwaukee Mile','Finished',5.0,0,18,NULL),
(848,'2011-06-25',9,NULL,44,'Iowa Speedway','Finished',7.0,0,17,NULL),
(849,'2011-07-10',10,NULL,44,'Exhibition Place, Toronto','Finished',7.0,0,18,NULL),
(850,'2011-07-24',11,NULL,44,'Edmonton City Centre Airport','Finished',6.0,0,14,NULL),
(851,'2011-08-07',12,NULL,44,'Mid-Ohio Sports Car Course, Lexington','Finished',5.0,0,18,NULL),
(852,'2011-08-14',13,NULL,44,'New Hampshire Motor Speedway, Loudon','Finished',7.0,4,17,NULL),
(853,'2011-08-28',14,NULL,44,'Sonoma Raceway','Finished',3.0,0,14,NULL),
(854,'2011-09-04',15,NULL,44,'Baltimore Street Circuit, Maryland','Finished',6.0,0,14,NULL),
(855,'2011-09-18',16,NULL,44,'Twin Ring Motegi','Finished',6.0,0,18,NULL),
(856,'2011-10-02',17,NULL,44,'Kentucky Speedway','Finished',7.0,0,53,NULL),
(857,'2011-10-16',18,NULL,44,'Las Vegas Motor Speedway','Stopped',0.0,NULL,NULL,'Stopped after fatal accident of Dan Wheldon.'),
(858,'2018-12-15',1,NULL,45,'Riyadh Street Circuit','Finished',7.0,1,35,NULL),
(859,'2019-01-12',2,NULL,45,'Circuit International Automobile Moulay El Hassan','Finished',8.0,0,32,NULL),
(860,'2019-01-26',3,NULL,45,'Parque O\'Higgins Circuit','Finished',6.0,0,26,NULL),
(861,'2019-02-16',4,NULL,45,'Autódromo Hermanos Rodríguez, Mexico City','Finished',8.0,0,31,NULL),
(862,'2019-03-10',5,NULL,45,'Hong Kong Central Harbourfront Circuit','Finished',6.0,1,28,'Sam Bird won on track, but was handed a 5 seconds penalty after the race, due to contact.'),
(863,'2019-03-23',6,NULL,45,'Haitang Bay Circuit, Sanya','Finished',7.0,0,34,NULL),
(864,'2019-04-13',7,NULL,45,'Circuito Cittadino dell\'EUR, Rome','Finished',8.0,1,33,NULL),
(865,'2019-04-27',8,NULL,45,'Circuit des Invalides, Paris','Finished',7.0,4,34,'Hail storm caused chaos.'),
(866,'2019-05-11',9,NULL,45,'Circuit de Monaco, Pool lay-out','Finished',7.0,0,34,NULL),
(867,'2019-05-25',10,NULL,45,'Tempelhof Airport Street Circuit, Berlin','Finished',6.0,0,31,NULL),
(868,'2019-06-22',11,NULL,45,'Bern Street Circuit','Finished',4.0,3,34,NULL),
(869,'2019-07-13',12,NULL,45,'Brooklyn Street Circuit, New York','Finished',9.0,0,30,NULL),
(870,'2019-07-14',13,NULL,45,'Brooklyn Street Circuit, New York','Finished',6.0,0,26,NULL),
(871,'2019-02-10',0,'Clash',46,'Daytona International Speedway','Finished',6.0,4,4,'Shortened due to rain'),
(872,'2019-02-14',0,'Duel 1',46,'Daytona International Speedway','Finished',5.0,0,9,NULL),
(873,'2019-02-14',0,'Duel 2',46,'Daytona International Speedway','Finished',5.0,0,10,NULL),
(874,'2019-02-17',1,'Daytona 500',46,'Daytona International Speedway','Finished',8.0,0,5,NULL),
(875,'2019-02-24',2,NULL,46,'Atlanta Motor Speedway','Finished',6.0,0,10,NULL),
(876,'2019-03-03',3,NULL,46,'Las Vegas Motor Speedway','Finished',4.0,0,10,NULL),
(877,'2019-03-10',4,NULL,46,'ISM Raceway, Phoenix','Finished',6.0,0,5,NULL),
(878,'2019-03-17',5,NULL,46,'Auto Club Speedway, Fontana','Finished',5.0,0,5,NULL),
(879,'2019-03-24',6,NULL,46,'Martinsville Speedway','Finished',4.0,0,10,NULL),
(880,'2019-03-31',7,NULL,46,'Texas Motor Speedway','Finished',6.0,0,5,NULL),
(881,'2019-04-07',8,NULL,46,'Bristol Motor Speedway','Finished',6.0,0,5,NULL),
(882,'2019-04-13',9,NULL,46,'Richmond Raceway','Finished',7.0,0,5,NULL),
(883,'2019-04-28',10,NULL,46,'Talladega Superspeedway','Finished',6.0,0,4,NULL),
(884,'2019-05-05',11,NULL,46,'Dover International Speedway','Finished',3.0,0,5,'Race on Monday, due to rain.'),
(885,'2019-05-11',12,NULL,46,'Kansas Speedway','Finished',7.0,0,10,NULL),
(886,'2019-05-18',0,'Monster Energy Open',46,'Charlotte Motor Speedway','Finished',8.0,0,11,NULL),
(887,'2019-05-18',0,'All-Star Race',46,'Charlotte Motor Speedway','Finished',7.0,0,11,NULL),
(888,'2019-05-26',13,'Coca-Cola 600',46,'Charlotte Motor Speedway','Finished',6.0,0,5,NULL),
(889,'2019-06-02',14,NULL,46,'Pocono Raceway','Finished',5.0,0,5,NULL),
(890,'2019-06-09',15,NULL,46,'Michigan International Speedway','Finished',6.0,4,10,NULL),
(891,'2019-06-23',16,NULL,46,'Sonoma Raceway','Finished',7.0,0,5,NULL),
(892,'2019-06-30',17,NULL,46,'Chicagoland Speedway, Chicago','Finished',8.0,4,4,NULL),
(893,'2019-07-06',18,NULL,46,'Daytona International Speedway','Finished',6.0,4,57,NULL),
(894,'2019-07-13',19,NULL,46,'Kentucky Speedway','Finished',7.0,0,11,NULL),
(895,'2019-07-21',20,NULL,46,'New Hampshire Motor Speedway, Loudon','Finished',7.0,0,9,NULL),
(896,'2019-07-28',21,NULL,46,'Pocono Raceway','Finished',7.0,2,5,NULL),
(897,'2019-08-04',22,NULL,46,'Watkins Glen International','Finished',7.0,0,4,NULL),
(898,'2019-08-11',23,NULL,46,'Michigan International Speedway','Finished',5.0,0,9,NULL),
(899,'2019-08-17',24,NULL,46,'Bristol Motor Speedway','Finished',7.0,0,5,NULL),
(900,'2019-09-01',25,'Southern 500',46,'Darlington Raceway','Finished',7.0,3,5,NULL),
(901,'2019-09-08',26,'Brickyard 400',46,'Indianapolis Motor Speedway','Finished',8.0,0,9,NULL),
(902,'2019-09-15',27,NULL,46,'Las Vegas Motor Speedway','Finished',7.0,0,5,NULL),
(903,'2019-09-21',28,NULL,46,'Richmond Raceway','Finished',6.0,0,5,NULL),
(904,'2019-09-29',29,NULL,46,'Charlotte Motor Speedway Road Course','Finished',8.0,0,4,NULL),
(905,'2019-10-06',30,NULL,46,'Dover International Speedway','Finished',4.0,0,11,NULL),
(906,'2019-10-13',31,NULL,46,'Talladega Superspeedway','Finished',6.0,4,10,NULL),
(907,'2019-10-20',32,NULL,46,'Kansas Speedway','Finished',7.0,0,5,NULL),
(908,'2019-10-27',33,NULL,46,'Martinsville Speedway','Finished',5.0,0,5,NULL),
(909,'2019-11-03',34,NULL,46,'Texas Motor Speedway','Finished',6.0,0,9,NULL),
(910,'2019-11-10',35,NULL,46,'ISM Raceway, Phoenix','Finished',7.0,0,5,NULL),
(911,'2019-11-17',36,NULL,46,'Homestead-Miami Speedway','Finished',4.0,0,5,NULL),
(912,'2019-03-10',1,NULL,47,'Losail Circuit','Finished',8.0,0,21,NULL),
(913,'2019-03-31',2,NULL,47,'Termas de Río Hondo','Finished',5.0,0,24,NULL),
(914,'2019-04-14',3,NULL,47,'Circuit of the Americas, Austin, Texas','Finished',6.0,0,39,NULL),
(915,'2019-05-05',4,NULL,47,'Circuito de Jerez-Ángel Nieto Jerez de la Frontera','Finished',3.0,0,24,NULL),
(916,'2019-05-19',5,NULL,47,'Circuit Bugatti, Le Mans','Finished',5.0,0,24,NULL),
(917,'2019-06-02',6,NULL,47,'Mugello Circuit, Scarperia','Finished',8.0,0,21,NULL),
(918,'2019-06-16',7,NULL,47,'Circuit de Barcelona-Catalunya','Finished',4.0,0,24,NULL),
(919,'2019-06-30',8,NULL,47,'TT Circuit Assen','Finished',4.0,0,20,NULL),
(920,'2019-07-07',9,NULL,47,'Sachsenring, Hohenstein-Ernstthal','Finished',3.0,0,24,NULL),
(921,'2019-08-04',10,NULL,47,'Masaryk Circuit, Brno','Finished',3.0,1,24,NULL),
(922,'2019-08-11',11,NULL,47,'Red Bull Ring, Spielberg','Finished',8.0,0,21,NULL),
(923,'2019-08-25',12,NULL,47,'Silverstone Circuit','Finished',8.0,0,39,NULL),
(924,'2019-09-15',13,NULL,47,'Misano World Circuit Marco Simoncelli','Finished',5.0,0,24,NULL),
(925,'2019-09-22',14,NULL,47,'Ciudad del Motor de Aragón','Finished',4.0,0,24,NULL),
(926,'2019-10-06',15,NULL,47,'Chang International Circuit, Buriram','Finished',7.0,0,24,NULL),
(927,'2019-10-20',16,NULL,47,'Twin Ring Motegi','Finished',5.0,0,24,NULL),
(928,'2019-10-27',17,NULL,47,'Phillip Island Circuit','Finished',7.0,0,24,NULL),
(929,'2019-11-03',18,NULL,47,'Sepang International Circuit, Kuala Lumpur','Finished',5.0,0,20,NULL),
(930,'2019-11-17',19,NULL,47,'Circuit Ricardo Tormo, Valencia','Finished',4.0,0,24,NULL),
(931,'2019-03-10',1,NULL,48,'Streets of St. Petersburg','Finished',5.0,0,14,NULL),
(932,'2019-03-24',2,NULL,48,'Circuit of the Americas, Austin, Texas','Finished',6.0,0,56,NULL),
(933,'2019-04-07',3,NULL,48,'Barber Motorsports Park, Alabama','Finished',4.0,0,19,NULL),
(934,'2019-04-14',4,NULL,48,'Streets of Long Beach','Finished',3.0,0,17,NULL),
(935,'2019-05-11',5,NULL,48,'Indianapolis Motor Speedway Road Course','Finished',8.0,4,14,NULL),
(936,'2019-05-26',6,'Indianapolis 500',48,'Indianapolis Motor Speedway','Finished',7.0,0,14,NULL),
(937,'2019-06-01',7,NULL,48,'Belle Isle, Detroit','Finished',5.0,4,14,NULL),
(938,'2019-06-02',8,NULL,48,'Belle Isle, Detroit','Finished',7.0,0,18,NULL),
(939,'2019-06-08',9,NULL,48,'Texas Motor Speedway','Finished',6.0,0,14,NULL),
(940,'2019-06-23',10,NULL,48,'Road America, Elkhart Lake','Finished',5.0,0,17,NULL),
(941,'2019-07-14',11,NULL,48,'Exhibition Place, Toronto','Finished',4.0,0,14,NULL),
(942,'2019-07-20',12,NULL,48,'Iowa Speedway','Finished',5.0,3,14,NULL),
(943,'2019-07-28',13,NULL,48,'Mid-Ohio Sports Car Course, Lexington','Finished',9.0,0,18,NULL),
(944,'2019-08-18',14,NULL,48,'Pocono Raceway','Finished',5.0,4,14,NULL),
(945,'2019-08-24',15,NULL,48,'Gateway Motorsports Park, St. Louis','Finished',8.0,0,19,NULL),
(946,'2019-09-01',16,NULL,48,'Portland International Raceway','Finished',6.0,0,14,NULL),
(947,'2019-09-22',17,NULL,48,'Laguna Seca Raceway','Finished',6.0,0,56,NULL),
(948,'2019-03-17',1,NULL,49,'Albert Park, Melbourne','Finished',3.0,0,2,NULL),
(949,'2019-03-31',2,NULL,49,'Bahrain International Circuit, Sakhir','Finished',8.0,0,2,NULL),
(950,'2019-04-14',3,NULL,49,'Shanghai International Circuit','Finished',4.0,0,2,NULL),
(951,'2019-04-28',4,NULL,49,'Baku City Circuit','Finished',5.0,0,2,NULL),
(952,'2019-05-12',5,NULL,49,'Circuit de Barcelona-Catalunya','Finished',3.0,0,2,NULL),
(953,'2019-05-26',6,NULL,49,'Circuit de Monaco, Monte Carlo','Finished',3.0,0,2,NULL),
(954,'2019-06-09',7,NULL,49,'Circuit Gilles Villeneuve, Montréal','Finished',8.0,0,2,'Vettel won the race, but a controversial penalty granted the win to Hamilton.'),
(955,'2019-06-23',8,NULL,49,'Circuit Paul Ricard, Le Castellet','Finished',3.0,0,2,NULL),
(956,'2019-06-30',9,NULL,49,'Red Bull Ring, Spielberg','Finished',9.0,0,7,NULL),
(957,'2019-07-14',10,NULL,49,'Silverstone Circuit','Finished',7.0,0,2,NULL),
(958,'2019-07-28',11,NULL,49,'Hockenheimring, Hockenheim','Finished',10.0,4,7,NULL),
(959,'2019-08-04',12,NULL,49,'Hungaroring, Budapest','Finished',8.0,0,2,NULL),
(960,'2019-09-01',13,NULL,49,'Circuit de Spa-Francorchamps','Finished',6.0,0,1,NULL),
(961,'2019-09-08',14,NULL,49,'Autodromo Nazionale Monza','Finished',8.0,0,1,NULL),
(962,'2019-09-22',15,NULL,49,'Marina Bay Street Circuit, Singapore','Finished',7.0,0,1,NULL),
(963,'2019-09-29',16,NULL,49,'Sochi Autodrom','Finished',2.0,0,2,'Race ruined by VSC rules.'),
(964,'2019-10-13',17,NULL,49,'Suzuka Circuit','Finished',7.0,0,2,NULL),
(965,'2019-10-27',18,NULL,49,'Autódromo Hermanos Rodríguez, Mexico City','Finished',7.0,0,2,NULL),
(966,'2019-11-03',19,NULL,49,'Circuit of the Americas, Austin, Texas','Finished',5.0,0,2,NULL),
(967,'2019-11-17',20,NULL,49,'Autódromo José Carlos Pace, Interlagos','Finished',9.0,0,7,NULL),
(968,'2019-12-01',21,NULL,49,'Yas Marina Circuit, Abu Dhabi','Finished',4.0,0,2,NULL),
(969,'2019-09-01',1,'4 Hours of Silverstone',50,'Silverstone Circuit','Finished',4.0,3,37,NULL),
(970,'2019-10-06',2,'6 Hours of Fuji',50,'Fuji Speedway','Finished',6.0,2,37,NULL),
(971,'2019-11-10',3,'4 Hours of Shanghai',50,'Shanghai International Circuit','Finished',6.0,0,55,NULL),
(972,'2019-12-14',4,'8 Hours of Bahrain',50,'Bahrain International Circuit, Sakhir','Finished',2.0,0,37,NULL),
(973,'2020-02-23',5,'6 Hours of Sao Paolo',50,'Autódromo José Carlos Pace, Interlagos','Finished',4.0,NULL,55,NULL),
(974,'2020-08-15',6,NULL,50,'Circuit de Spa-Francorchamps','Finished',4.0,4,37,NULL),
(976,'2020-09-19',7,'24 Heures du Mans',50,'Circuit de la Sarthe, Le Mans','Finished',7.0,2,37,NULL),
(977,'2019-11-22',1,NULL,51,'Riyadh Street Circuit','Finished',8.0,0,26,NULL),
(978,'2019-11-23',2,NULL,51,'Riyadh Street Circuit','Finished',6.0,0,35,NULL),
(979,'2020-01-18',3,NULL,51,'Santiago Street Circuit','Finished',7.0,0,35,NULL),
(980,'2020-02-15',4,NULL,51,'Autódromo Hermanos Rodríguez, Mexico City','Finished',7.0,0,33,NULL),
(981,'2020-02-29',5,NULL,51,'Circuit International Automobile Moulay El Hassan','Finished',5.0,0,34,NULL),
(991,'2020-02-09',0,'Busch Clash',52,'Daytona International Speedway','Finished',4.0,0,5,NULL),
(992,'2020-02-13',0,'Bluegreen Vacations Duel 1',52,'Daytona International Speedway','Finished',4.0,3,10,NULL),
(993,'2020-02-13',0,'Bluegreen Vacations Duel 2',52,'Daytona International Speedway','Finished',6.0,0,4,NULL),
(994,'2020-02-16',1,'Daytona 500',52,'Daytona International Speedway','Finished',4.0,4,5,NULL),
(995,'2020-02-23',2,NULL,52,'Las Vegas Motor Speedway','Finished',5.0,0,10,NULL),
(996,'2020-03-01',3,NULL,52,'Auto Club Speedway, Fontana','Finished',5.0,0,4,NULL),
(997,'2020-03-08',4,NULL,52,'ISM Raceway, Phoenix','Finished',6.0,0,10,NULL),
(1008,'2020-05-24',7,'Coca-Cola 600',52,'Charlotte Motor Speedway','Finished',5.0,3,10,NULL),
(1013,'2020-06-27',14,NULL,52,'Pocono Raceway','Finished',5.0,1,9,NULL),
(1014,'2020-06-28',15,NULL,52,'Pocono Raceway','Finished',6.0,3,5,NULL),
(1015,'2020-07-05',16,'Brickyard 400',52,'Indianapolis Motor Speedway','Finished',7.0,0,9,NULL),
(1016,'2020-07-12',17,NULL,52,'Kentucky Speedway','Finished',7.0,0,9,NULL),
(1017,'2020-07-19',18,NULL,52,'Texas Motor Speedway','Finished',7.0,0,12,NULL),
(1018,'2020-08-08',21,NULL,52,'Michigan International Speedway','Finished',5.0,0,9,NULL),
(1020,'2020-08-22',24,NULL,52,'Dover International Speedway','Finished',6.0,0,5,NULL),
(1021,'2020-08-29',26,NULL,52,'Daytona International Speedway','Finished',7.0,0,4,NULL),
(1022,'2020-09-06',27,'Southern 500',52,'Darlington Raceway','Finished',5.0,0,9,NULL),
(1023,'2020-09-12',28,NULL,52,'Richmond Raceway','Finished',4.0,0,10,NULL),
(1024,'2020-09-19',29,NULL,52,'Bristol Motor Speedway','Finished',7.0,0,9,NULL),
(1025,'2020-09-27',30,NULL,52,'Las Vegas Motor Speedway','Finished',8.0,0,11,NULL),
(1026,'2020-10-04',31,NULL,52,'Talladega Superspeedway','Finished',7.0,0,5,NULL),
(1027,'2020-10-11',32,NULL,52,'Charlotte Motor Speedway Road Course','Finished',6.0,4,4,'First wet Cup road-course race.'),
(1028,'2020-10-18',33,NULL,52,'Kansas Speedway','Finished',7.0,0,10,NULL),
(1029,'2020-10-25',34,NULL,52,'Texas Motor Speedway','Finished',7.0,4,5,'3 days of rain delay. Finally finished on Wednesday.'),
(1030,'2020-11-01',35,NULL,52,'Martinsville Speedway','Finished',7.0,0,4,NULL),
(1031,'2020-11-08',36,NULL,52,'ISM Raceway, Phoenix','Finished',6.0,0,4,NULL),
(1062,'2020-07-05',1,NULL,54,'Red Bull Ring, Spielberg','Finished',8.0,0,2,NULL),
(1063,'2020-07-19',3,NULL,54,'Hungaroring, Budapest','Finished',5.0,1,2,NULL),
(1064,'2020-08-02',4,NULL,54,'Silverstone Circuit','Finished',5.0,0,2,NULL),
(1065,'2020-08-30',7,NULL,54,'Circuit de Spa-Francorchamps','Finished',3.0,0,2,NULL),
(1066,'2020-09-06',8,NULL,54,'Autodromo Nazionale Monza','Finished',8.0,0,62,NULL),
(1074,'2020-06-06',1,NULL,55,'Texas Motor Speedway','Finished',4.0,0,18,NULL),
(1075,'2020-07-04',2,NULL,55,'Indianapolis Motor Speedway Road Course','Finished',4.0,0,18,NULL),
(1076,'2020-07-11',3,NULL,55,'Road America, Elkhart Lake','Finished',7.0,0,18,NULL),
(1077,'2020-07-12',4,NULL,55,'Road America, Elkhart Lake','Finished',7.0,0,18,NULL),
(1078,'2020-07-17',5,NULL,55,'Iowa Speedway','Finished',6.0,0,14,NULL),
(1079,'2020-07-18',6,NULL,55,'Iowa Speedway','Finished',4.0,0,14,NULL),
(1081,'2020-08-23',7,'104th Running of the Indianapolis 500',55,'Indianapolis Motor Speedway','Finished',7.0,0,19,NULL),
(1082,'2020-08-29',8,NULL,55,'Gateway Motorsports Park, St. Louis','Finished',5.0,3,18,NULL),
(1085,'2020-10-02',12,NULL,55,'Indianapolis Motor Speedway Road Course','Finished',7.0,0,14,NULL),
(1086,'2020-10-03',13,NULL,55,'Indianapolis Motor Speedway Road Course','Finished',5.0,0,14,NULL),
(1087,'2020-10-25',14,NULL,55,'Streets of St. Petersburg','Finished',6.0,0,14,NULL),
(1091,'2020-11-14',8,NULL,50,'Bahrain International Circuit, Sakhir','Finished',6.0,0,37,NULL),
(1095,'2020-05-17',5,NULL,52,'Darlington Raceway','Finished',5.0,0,9,NULL),
(1096,'2020-05-20',6,NULL,52,'Darlington Raceway','Finished',6.0,4,5,'Stopped due to rain.'),
(1097,'2020-05-27',8,NULL,52,'Charlotte Motor Speedway','Finished',6.0,4,4,NULL),
(1098,'2020-05-31',9,NULL,52,'Bristol Motor Speedway','Finished',8.0,0,10,NULL),
(1099,'2020-06-07',10,NULL,52,'Atlanta Motor Speedway','Finished',5.0,0,9,NULL),
(1100,'2020-06-10',11,NULL,52,'Martinsville Speedway','Finished',5.0,0,5,NULL),
(1101,'2020-06-14',12,NULL,52,'Homestead-Miami Speedway','Finished',6.0,3,5,NULL),
(1102,'2020-06-21',13,NULL,52,'Talladega Superspeedway','Finished',6.0,4,10,NULL),
(1103,'2020-07-15',0,'All-Star Open',52,'Bristol Motor Speedway','Finished',8.0,0,13,NULL),
(1104,'2020-07-15',0,'All-Star Race',52,'Bristol Motor Speedway','Finished',6.0,0,4,NULL),
(1105,'2020-07-12',2,NULL,54,'Red Bull Ring, Spielberg','Finished',6.0,0,2,NULL),
(1106,'2020-08-09',5,NULL,54,'Silverstone Circuit','Finished',7.0,0,7,NULL),
(1107,'2020-08-16',6,NULL,54,'Circuit de Barcelona-Catalunya','Finished',2.0,0,2,NULL),
(1108,'2020-07-19',1,NULL,53,'Circuito de Jerez-Ángel Nieto Jerez de la Frontera','Finished',6.0,0,58,NULL),
(1109,'2020-07-26',2,NULL,53,'Circuito de Jerez-Ángel Nieto Jerez de la Frontera','Finished',6.0,0,58,NULL),
(1110,'2020-08-09',3,NULL,53,'Masaryk Circuit, Brno','Finished',6.0,0,59,NULL),
(1111,'2020-08-16',4,NULL,53,'Red Bull Ring, Spielberg','Finished',8.0,0,21,NULL),
(1112,'2020-08-23',5,NULL,53,'Red Bull Ring, Spielberg','Finished',7.0,0,23,NULL),
(1113,'2020-09-13',6,NULL,53,'Misano World Circuit Marco Simoncelli','Finished',5.0,0,58,NULL),
(1114,'2020-09-20',7,NULL,53,'Misano World Circuit Marco Simoncelli','Finished',7.0,0,20,NULL),
(1115,'2020-09-27',8,NULL,53,'Circuit de Barcelona-Catalunya','Finished',6.0,0,58,NULL),
(1116,'2020-10-11',9,NULL,53,'Circuit Bugatti, Le Mans','Finished',7.0,4,21,NULL),
(1117,'2020-10-18',10,NULL,53,'Ciudad del Motor de Aragón','Finished',8.0,0,39,NULL),
(1118,'2020-10-25',11,NULL,53,'Ciudad del Motor de Aragón','Finished',3.0,0,58,NULL),
(1119,'2020-11-08',12,NULL,53,'Circuit Ricardo Tormo, Valencia','Finished',4.0,0,39,NULL),
(1120,'2020-11-15',13,NULL,53,'Circuit Ricardo Tormo, Valencia','Finished',4.0,0,58,NULL),
(1121,'2020-08-05',6,NULL,51,'Tempelhof Airport Street Circuit, Berlin','Finished',6.0,0,34,NULL),
(1122,'2020-08-06',7,NULL,51,'Tempelhof Airport Street Circuit, Berlin','Finished',6.0,0,34,NULL),
(1123,'2020-08-08',8,NULL,51,'Tempelhof Airport Street Circuit, Berlin','Finished',6.0,0,35,NULL),
(1124,'2020-08-09',9,NULL,51,'Tempelhof Airport Street Circuit, Berlin','Finished',6.0,2,34,NULL),
(1125,'2020-08-12',10,NULL,51,'Tempelhof Airport Street Circuit, Berlin','Finished',5.0,0,30,NULL),
(1126,'2020-08-13',11,NULL,51,'Tempelhof Airport Street Circuit, Berlin','Finished',6.0,0,60,NULL),
(1127,'2020-07-23',19,NULL,52,'Kansas Speedway','Finished',8.0,0,5,NULL),
(1128,'2020-08-02',20,NULL,52,'New Hampshire Motor Speedway, Loudon','Finished',7.0,2,10,NULL),
(1129,'2020-09-13',9,NULL,54,'Mugello Circuit, Scarperia','Finished',7.0,0,2,NULL),
(1130,'2020-09-27',10,NULL,54,'Sochi Autodrom','Finished',5.0,0,2,NULL),
(1131,'2020-10-11',11,NULL,54,'Nürburgring','Finished',5.0,2,2,NULL),
(1132,'2020-10-25',12,NULL,54,'Autódromo Internacional do Algarve, Portimão','Finished',5.0,2,2,NULL),
(1133,'2020-11-01',13,NULL,54,'Autodromo Internazionale Enzo e Dino Ferrari, Imola','Finished',3.0,0,2,NULL),
(1134,'2020-08-09',22,NULL,52,'Michigan International Speedway','Finished',6.0,0,9,NULL),
(1135,'2020-08-16',23,NULL,52,'Daytona International Speedway, Road Course','Finished',6.0,0,4,NULL),
(1136,'2020-08-23',25,NULL,52,'Dover International Speedway','Finished',7.0,0,9,NULL),
(1137,'2020-11-22',14,NULL,53,'Autódromo Internacional do Algarve, Portimão','Finished',4.0,0,23,NULL),
(1138,'2020-11-15',14,NULL,54,'Istanbul Park','Finished',9.0,5,2,NULL),
(1139,'2020-11-29',15,NULL,54,'Bahrain International Circuit, Sakhir','Finished',5.0,0,2,NULL),
(1140,'2020-12-06',16,NULL,54,'Bahrain International Circuit, Sakhir (outer track)','Finished',9.0,0,63,NULL),
(1141,'2020-12-13',17,NULL,54,'Yas Marina Circuit, Abu Dhabi','Finished',4.0,0,7,NULL),
(1142,'2020-08-30',9,NULL,55,'Gateway Motorsports Park, St. Louis','Finished',6.0,0,14,NULL),
(1143,'2020-09-12',10,NULL,55,'Mid-Ohio Sports Car Course, Lexington','Finished',6.0,0,14,NULL),
(1144,'2020-09-13',11,NULL,55,'Mid-Ohio Sports Car Course, Lexington','Finished',6.0,0,17,NULL),
(1145,'2021-02-09',0,'Busch Clash',56,'Daytona International Speedway, Road Course','Finished',8.0,0,5,NULL),
(1146,'2021-02-11',0,'Bluegreen Vacations Duel 1',56,'Daytona International Speedway','Finished',6.0,0,9,NULL),
(1147,'2021-02-14',1,'Daytona 500',56,'Daytona International Speedway','Finished',7.0,3,40,NULL),
(1148,'2021-02-21',2,NULL,56,'Daytona International Speedway, Road Course','Finished',8.0,2,5,NULL),
(1149,'2021-02-28',3,NULL,56,'Homestead-Miami Speedway','Finished',6.0,0,4,NULL),
(1150,'2021-03-07',4,NULL,56,'Las Vegas Motor Speedway','Finished',7.0,0,4,NULL),
(1151,'2021-03-14',5,NULL,56,'ISM Raceway, Phoenix','Finished',6.0,0,5,NULL),
(1152,'2021-03-21',6,NULL,56,'Atlanta Motor Speedway','Finished',5.0,0,10,NULL),
(1153,'2021-03-28',7,NULL,56,'Bristol Motor Speedway','Finished',8.0,4,10,'First race on dirt'),
(1154,'2021-04-10',8,NULL,56,'Martinsville Speedway','Finished',6.0,4,5,NULL),
(1155,'2021-04-18',9,NULL,56,'Richmond Raceway','Finished',5.0,0,4,NULL),
(1156,'2021-04-25',10,NULL,56,'Talladega Superspeedway','Finished',4.0,0,10,NULL),
(1157,'2021-05-02',11,NULL,56,'Kansas Speedway','Finished',7.0,0,5,NULL),
(1158,'2021-05-09',12,NULL,56,'Darlington Raceway','Finished',4.0,0,5,NULL),
(1159,'2021-05-16',13,NULL,56,'Dover International Speedway','Finished',4.0,0,4,NULL),
(1160,'2021-05-23',14,NULL,56,'Circuit of the Americas, Austin, Texas','Finished',5.0,6,4,NULL),
(1161,'2021-05-30',15,'Coca-Cola 600',56,'Charlotte Motor Speedway','Finished',4.0,0,4,NULL),
(1162,'2021-06-06',16,NULL,56,'Sonoma Raceway','Finished',7.0,0,4,NULL),
(1163,'2021-06-13',0,'All-Star Open',56,'Texas Motor Speedway','Finished',4.0,0,9,NULL),
(1164,'2021-06-13',0,'All-Star Race',56,'Texas Motor Speedway','Finished',7.0,0,4,NULL),
(1165,'2021-06-20',17,NULL,56,'Nashville Superspeedway','Finished',5.0,0,4,NULL),
(1166,'2021-06-26',18,NULL,56,'Pocono Raceway','Finished',8.0,2,4,NULL),
(1167,'2021-06-27',19,NULL,56,'Pocono Raceway','Finished',8.0,0,5,NULL),
(1168,'2021-07-04',20,NULL,56,'Road America, Elkhart Lake','Finished',5.0,0,4,NULL),
(1169,'2021-07-11',21,NULL,56,'Atlanta Motor Speedway','Finished',6.0,2,11,NULL),
(1170,'2021-07-18',22,NULL,56,'New Hampshire Motor Speedway, Loudon','Finished',8.0,3,9,NULL),
(1171,'2021-08-08',23,NULL,56,'Watkins Glen International','Finished',6.0,0,4,NULL),
(1172,'2021-08-15',24,NULL,56,'Indianapolis Motor Speedway Road Course','Finished',4.0,0,67,'Race marred by a failing curb, resulting in lots of retirements. Unfair, in my opinion.'),
(1173,'2021-08-22',25,NULL,56,'Michigan International Speedway','Finished',8.0,3,10,NULL),
(1174,'2021-08-28',26,NULL,56,'Daytona International Speedway','Finished',5.0,0,10,NULL),
(1175,'2021-09-05',27,'Southern 500',56,'Darlington Raceway','Finished',8.0,0,5,NULL),
(1176,'2021-09-11',28,NULL,56,'Richmond Raceway','Finished',6.0,0,5,NULL),
(1177,'2021-09-18',29,NULL,56,'Bristol Motor Speedway','Finished',7.0,0,4,NULL),
(1178,'2021-09-26',30,NULL,56,'Las Vegas Motor Speedway','Finished',5.0,0,5,NULL),
(1179,'2021-10-03',31,NULL,56,'Talladega Superspeedway','Finished',5.0,4,68,NULL),
(1180,'2021-10-10',32,NULL,56,'Charlotte Motor Speedway Road Course','Finished',6.0,0,4,NULL),
(1181,'2021-10-17',33,NULL,56,'Texas Motor Speedway','Finished',6.0,0,4,NULL),
(1182,'2021-10-24',34,NULL,56,'Kansas Speedway','Finished',7.0,3,4,NULL),
(1183,'2021-10-31',35,NULL,56,'Martinsville Speedway','Finished',8.0,0,4,NULL),
(1184,'2021-11-07',36,NULL,56,'ISM Raceway, Phoenix','Finished',8.0,0,4,NULL),
(1185,'2021-04-25',2,NULL,57,'Streets of St. Petersburg','Finished',3.0,0,17,NULL),
(1186,'2021-04-18',1,NULL,57,'Barber Motorsports Park, Alabama','Finished',6.0,0,18,NULL),
(1187,'2021-05-01',3,NULL,57,'Texas Motor Speedway','Finished',5.0,0,18,NULL),
(1188,'2021-05-02',4,NULL,57,'Texas Motor Speedway','Finished',8.0,0,64,NULL),
(1189,'2021-05-15',5,NULL,57,'Indianapolis Motor Speedway Road Course','Finished',4.0,2,41,NULL),
(1190,'2021-05-30',6,'105th Running of the Indianapolis 500',57,'Indianapolis Motor Speedway','Finished',6.0,0,65,NULL),
(1191,'2021-06-12',7,NULL,57,'Belle Isle, Detroit','Finished',7.0,0,18,NULL),
(1192,'2021-06-13',8,NULL,57,'Belle Isle, Detroit','Finished',7.0,0,17,NULL),
(1193,'2021-06-20',9,NULL,57,'Road America, Elkhart Lake','Finished',7.0,0,18,NULL),
(1194,'2021-07-04',10,NULL,57,'Mid-Ohio Sports Car Course, Lexington','Finished',4.0,0,14,NULL),
(1196,'2021-08-08',11,NULL,57,'Nashville Street Circuit','Finished',3.0,0,18,'Several competition and track issues at this new event.'),
(1197,'2021-08-14',12,NULL,57,'Indianapolis Motor Speedway Road Course','Finished',5.0,0,14,NULL),
(1198,'2021-08-21',13,NULL,57,'Gateway Motorsports Park, St. Louis','Finished',6.0,0,14,NULL),
(1199,'2021-09-12',14,NULL,57,'Portland International Raceway','Finished',6.0,0,18,NULL),
(1200,'2021-09-19',15,NULL,57,'Laguna Seca Raceway','Finished',7.0,0,17,NULL),
(1201,'2021-09-26',16,NULL,57,'Streets of Long Beach','Finished',4.0,0,17,NULL),
(1202,'2021-06-13',2,NULL,58,'Autódromo Internacional do Algarve, Portimão','Finished',4.0,0,37,NULL),
(1203,'2021-05-01',1,NULL,58,'Circuit de Spa-Francorchamps','Finished',5.0,0,37,NULL),
(1204,'2021-08-21',4,'24 Heures du Mans',58,'Circuit de la Sarthe, Le Mans','Finished',5.0,3,37,NULL),
(1205,'2021-07-18',3,NULL,58,'Autodromo Nazionale Monza','Finished',6.0,0,37,NULL),
(1206,'2021-10-30',5,NULL,58,'Bahrain International Circuit, Sakhir','Finished',4.0,0,37,NULL),
(1207,'2021-11-06',6,NULL,58,'Bahrain International Circuit, Sakhir','Finished',7.0,0,37,NULL),
(1208,'2021-02-26',1,NULL,59,'Riyadh Street Circuit','Finished',6.0,0,60,NULL),
(1209,'2021-02-27',2,NULL,59,'Riyadh Street Circuit','Finished',7.0,0,33,NULL),
(1210,'2021-03-28',1,NULL,60,'Losail Circuit','Finished',7.0,0,20,NULL),
(1211,'2021-04-04',2,NULL,60,'Losail Circuit','Finished',9.0,0,20,NULL),
(1212,'2021-04-18',3,NULL,60,'Autódromo Internacional do Algarve, Portimão','Finished',6.0,0,20,NULL),
(1213,'2021-05-02',4,NULL,60,'Circuito de Jerez-Ángel Nieto Jerez de la Frontera','Finished',5.0,0,21,NULL),
(1214,'2021-05-16',5,NULL,60,'Circuit Bugatti, Le Mans','Finished',8.0,4,21,NULL),
(1215,'2021-05-30',6,NULL,60,'Mugello Circuit, Scarperia','Finished',5.0,0,20,NULL),
(1216,'2021-06-06',7,NULL,60,'Circuit de Barcelona-Catalunya','Finished',5.0,0,59,NULL),
(1217,'2021-06-20',8,NULL,60,'Sachsenring, Hohenstein-Ernstthal','Finished',5.0,2,24,NULL),
(1218,'2021-06-27',9,NULL,60,'TT Circuit Assen','Finished',4.0,0,20,NULL),
(1219,'2021-08-08',10,NULL,60,'Red Bull Ring, Spielberg','Finished',5.0,0,66,NULL),
(1220,'2021-11-21',20,NULL,61,'Losail Circuit','Finished',6.0,0,2,NULL),
(1221,'2021-03-28',1,NULL,61,'Bahrain International Circuit, Sakhir','Finished',9.0,0,2,NULL),
(1222,'2021-04-18',2,NULL,61,'Autodromo Internazionale Enzo e Dino Ferrari, Imola','Finished',8.0,4,7,NULL),
(1223,'2021-08-15',11,NULL,60,'Red Bull Ring, Spielberg','Finished',8.0,4,59,NULL),
(1224,'2021-08-29',12,NULL,60,'Silverstone Circuit','Finished',6.0,0,20,NULL),
(1225,'2021-09-12',13,NULL,60,'Ciudad del Motor de Aragón','Finished',7.0,0,21,NULL),
(1226,'2021-09-19',14,NULL,60,'Misano World Circuit Marco Simoncelli','Finished',8.0,0,21,NULL),
(1227,'2021-10-03',15,NULL,60,'Circuit of the Americas, Austin, Texas','Finished',4.0,0,24,NULL),
(1229,'2021-10-24',16,NULL,60,'Misano World Circuit Marco Simoncelli','Finished',6.0,0,24,NULL),
(1230,'2021-11-07',17,NULL,60,'Autódromo Internacional do Algarve, Portimão','Finished',3.0,0,21,NULL),
(1231,'2021-11-14',18,NULL,60,'Circuit Ricardo Tormo, Valencia','Finished',6.0,0,21,NULL),
(1232,'2021-04-10',3,NULL,59,'Circuito Cittadino dell\'EUR, Rome','Finished',8.0,3,34,NULL),
(1233,'2021-04-24',5,NULL,59,'Circuit Ricardo Tormo, Valencia','Finished',7.0,4,60,NULL),
(1234,'2021-05-08',7,NULL,59,'Circuit de Monaco, Monte Carlo','Finished',8.0,0,34,NULL),
(1236,'2021-06-19',8,NULL,59,'Autódromo Internacional Miguel E. Abed, Puebla','Finished',6.0,0,31,NULL),
(1237,'2021-07-10',10,NULL,59,'Brooklyn Street Circuit, New York','Finished',5.0,0,35,NULL),
(1238,'2021-02-11',0,'Bluegreen Vacations Duel 2',56,'Daytona International Speedway','Finished',7.0,1,12,NULL),
(1239,'2021-05-02',3,NULL,61,'Autódromo Internacional do Algarve, Portimão','Finished',6.0,0,2,NULL),
(1240,'2021-05-09',4,NULL,61,'Circuit de Barcelona-Catalunya','Finished',7.0,0,2,NULL),
(1241,'2021-05-23',5,NULL,61,'Circuit de Monaco, Monte Carlo','Finished',4.0,0,7,NULL),
(1242,'2021-06-06',6,NULL,61,'Baku City Circuit','Finished',8.0,0,7,NULL),
(1244,'2021-06-20',7,NULL,61,'Circuit Paul Ricard, Le Castellet','Finished',7.0,0,7,NULL),
(1245,'2021-07-04',9,NULL,61,'Red Bull Ring, Spielberg','Finished',6.0,0,7,NULL),
(1246,'2021-07-18',10,NULL,61,'Silverstone Circuit','Finished',4.0,0,2,'Great race, but Hamilton should have been penalized more severely.'),
(1247,'2021-08-01',11,NULL,61,'Hungaroring, Budapest','Finished',9.0,1,50,NULL),
(1248,'2021-08-29',12,NULL,61,'Circuit de Spa-Francorchamps','Finished',1.0,6,7,'Not really a race, just a couple of safety car laps to get to half-points.'),
(1249,'2021-09-05',13,NULL,61,'Circuit Zandvoort','Finished',7.0,0,7,NULL),
(1250,'2021-09-12',14,NULL,61,'Autodromo Nazionale Monza','Finished',8.0,0,52,NULL),
(1251,'2021-09-26',15,NULL,61,'Sochi Autodrom','Finished',8.0,4,2,NULL),
(1253,'2021-10-10',16,NULL,61,'Istanbul Park','Finished',7.0,4,2,NULL),
(1254,'2021-10-24',17,NULL,61,'Circuit of the Americas, Austin, Texas','Finished',8.0,0,7,NULL),
(1255,'2021-11-07',18,NULL,61,'Autódromo Hermanos Rodríguez, Mexico City','Finished',6.0,0,7,NULL),
(1256,'2021-11-14',19,NULL,61,'Autódromo José Carlos Pace, Interlagos','Finished',8.0,0,2,NULL),
(1257,'2021-12-05',21,NULL,61,'Jeddah Corniche Circuit','Finished',5.0,0,2,'Race decided by multiple questionable steward calls.'),
(1258,'2021-12-12',22,NULL,61,'Yas Marina Circuit, Abu Dhabi','Finished',8.0,0,7,'Another race decided by controversial calls from the race director.'),
(1259,'2021-06-20',9,NULL,59,'Autódromo Internacional Miguel E. Abed, Puebla','Finished',7.0,0,28,NULL),
(1260,'2021-04-11',4,NULL,59,'Circuito Cittadino dell\'EUR, Rome','Finished',6.0,1,60,NULL),
(1261,'2021-04-25',6,NULL,59,'Circuit Ricardo Tormo, Valencia','Finished',4.0,0,35,NULL),
(1262,'2021-07-11',11,NULL,59,'Brooklyn Street Circuit, New York','Finished',3.0,0,33,NULL),
(1263,'2021-07-24',12,NULL,59,'ExCel London','Finished',4.0,0,35,NULL),
(1264,'2021-07-25',13,NULL,59,'ExCel London','Finished',7.0,2,32,NULL),
(1265,'2021-08-14',14,NULL,59,'Tempelhof Airport Street Circuit, Berlin','Finished',7.0,0,31,NULL),
(1266,'2021-08-15',15,NULL,59,'Tempelhof Airport Street Circuit, Berlin','Finished',8.0,0,28,NULL),
(1267,'2021-06-27',8,NULL,61,'Red Bull Ring, Spielberg','Finished',6.0,0,7,NULL),
(1268,'2022-01-28',1,NULL,62,'Riyadh Street Circuit','Finished',7.0,0,60,NULL),
(1269,'2022-01-29',2,NULL,62,'Riyadh Street Circuit','Finished',8.0,0,28,NULL),
(1270,'2022-02-12',3,NULL,62,'Autódromo Hermanos Rodríguez, Mexico City','Finished',8.0,0,69,NULL),
(1271,'2022-04-09',4,NULL,62,'Circuito Cittadino dell\'EUR, Rome','Finished',8.0,0,33,NULL),
(1272,'2022-04-30',6,NULL,62,'Circuit de Monaco, Monte Carlo','Finished',7.0,0,60,NULL),
(1273,'2022-05-14',7,NULL,62,'Tempelhof Airport Street Circuit, Berlin','Finished',8.0,0,28,NULL),
(1274,'2022-05-15',8,NULL,62,'Tempelhof Airport Street Circuit, Berlin','Finished',6.0,0,60,NULL),
(1275,'2022-06-04',9,NULL,62,'Jakarta International e-Prix Circuit','Finished',6.0,0,33,NULL),
(1276,'2022-07-02',10,NULL,62,'Vancouver Street Circuit','Finished',7.0,0,28,NULL),
(1277,'2022-04-10',5,NULL,62,'Circuito Cittadino dell\'EUR, Rome','Finished',8.0,0,33,NULL),
(1278,'2022-07-16',11,NULL,62,'Brooklyn Street Circuit, New York','Finished',6.0,6,26,NULL),
(1279,'2022-07-17',12,NULL,62,'Brooklyn Street Circuit, New York','Finished',7.0,0,34,NULL),
(1280,'2022-07-30',13,NULL,62,'ExCel London','Finished',4.0,0,35,NULL),
(1281,'2022-07-31',14,NULL,62,'ExCel London','Finished',6.0,0,28,NULL),
(1282,'2022-08-13',15,NULL,62,'Seoul Street Circuit','Finished',4.0,1,33,NULL),
(1283,'2022-08-14',16,NULL,62,'Seoul Street Circuit','Finished',5.0,0,28,NULL),
(1284,'2022-02-27',1,NULL,63,'Streets of St. Petersburg','Finished',6.0,0,14,NULL),
(1285,'2022-03-20',2,NULL,63,'Texas Motor Speedway','Finished',7.0,0,14,NULL),
(1286,'2022-04-10',3,NULL,63,'Streets of Long Beach','Finished',5.0,0,14,NULL),
(1287,'2022-05-01',4,NULL,63,'Barber Motorsports Park, Alabama','Finished',6.0,0,64,NULL),
(1288,'2022-05-14',5,NULL,63,'Indianapolis Motor Speedway Road Course','Finished',8.0,4,17,NULL),
(1289,'2022-05-29',6,NULL,63,'Indianapolis Motor Speedway','Finished',7.0,0,18,NULL),
(1290,'2022-06-05',7,NULL,63,'Belle Isle, Detroit','Finished',7.0,2,14,NULL),
(1291,'2022-06-12',8,NULL,63,'Road America, Elkhart Lake','Finished',7.0,0,14,NULL),
(1292,'2022-07-03',9,NULL,63,'Mid-Ohio Sports Car Course, Lexington','Finished',6.0,0,14,NULL),
(1293,'2022-07-17',10,NULL,63,'Exhibition Place, Toronto','Finished',6.0,0,18,NULL),
(1294,'2022-07-23',11,NULL,63,'Iowa Speedway','Finished',5.0,0,14,NULL),
(1295,'2022-07-24',12,NULL,63,'Iowa Speedway','Finished',5.0,0,64,NULL),
(1296,'2022-07-30',13,NULL,63,'Indianapolis Motor Speedway Road Course','Finished',5.0,0,17,NULL),
(1297,'2022-08-07',14,NULL,63,'Nashville Street Circuit','Finished',4.0,1,18,NULL),
(1298,'2022-08-20',15,NULL,63,'Gateway Motorsports Park, St. Louis','Finished',6.0,3,14,NULL),
(1299,'2022-09-04',16,NULL,63,'Portland International Raceway','Finished',5.0,0,14,NULL),
(1300,'2022-09-11',17,NULL,63,'Laguna Seca Raceway','Finished',6.0,0,18,NULL),
(1301,'2022-02-06',0,NULL,64,'Los Angeles Memorial Coliseum','Finished',6.0,0,10,NULL),
(1302,'2022-02-17',0,NULL,64,'Daytona International Speedway','Finished',4.0,0,6,NULL),
(1303,'2022-02-17',0,NULL,64,'Daytona International Speedway','Finished',5.0,0,6,NULL),
(1304,'2022-02-20',1,'Daytona 500',64,'Daytona International Speedway','Finished',7.0,0,10,NULL),
(1305,'2022-02-27',2,NULL,64,'Auto Club Speedway, Fontana','Finished',8.0,0,4,NULL),
(1306,'2022-03-06',3,NULL,64,'Las Vegas Motor Speedway','Finished',8.0,0,4,NULL),
(1307,'2022-03-13',4,NULL,64,'ISM Raceway, Phoenix','Finished',6.0,0,9,NULL),
(1308,'2022-03-20',5,NULL,64,'Atlanta Motor Speedway','Finished',5.0,0,4,NULL),
(1309,'2022-03-27',6,NULL,64,'Circuit of the Americas, Austin, Texas','Finished',8.0,0,72,NULL),
(1310,'2022-04-03',7,NULL,64,'Richmond Raceway','Finished',7.0,0,5,NULL),
(1311,'2022-04-09',8,NULL,64,'Martinsville Speedway','Finished',5.0,3,4,NULL),
(1312,'2022-04-17',9,NULL,64,'Bristol Motor Speedway','Finished',7.0,3,5,NULL),
(1313,'2022-04-24',10,'GEICO 500',64,'Talladega Superspeedway','Finished',7.0,0,72,NULL),
(1314,'2022-05-01',11,NULL,64,'Dover International Speedway','Finished',4.0,4,4,NULL),
(1315,'2022-05-08',12,NULL,64,'Darlington Raceway','Finished',5.0,0,10,NULL),
(1316,'2022-05-15',13,NULL,64,'Kansas Speedway','Finished',7.0,0,68,NULL),
(1317,'2022-05-22',0,'All-Star Open',64,'Texas Motor Speedway','Finished',5.0,0,72,NULL),
(1318,'2022-05-22',0,'All-Star Race',64,'Texas Motor Speedway','Finished',7.0,0,10,NULL),
(1319,'2022-05-29',14,'Coca-Cola 600',64,'Charlotte Motor Speedway','Finished',8.0,0,5,NULL),
(1320,'2022-06-05',15,NULL,64,'Gateway Motorsports Park, St. Louis','Finished',7.0,0,10,NULL),
(1321,'2022-06-12',16,NULL,64,'Sonoma Raceway','Finished',6.0,0,72,NULL),
(1322,'2022-06-26',17,NULL,64,'Nashville Superspeedway','Finished',5.0,3,4,NULL),
(1323,'2022-07-03',18,NULL,64,'Road America, Elkhart Lake','Finished',7.0,0,12,NULL),
(1324,'2022-07-10',19,NULL,64,'Atlanta Motor Speedway','Finished',9.0,0,4,NULL),
(1325,'2022-07-17',20,NULL,64,'New Hampshire Motor Speedway, Loudon','Finished',6.0,1,5,NULL),
(1326,'2022-07-24',21,NULL,64,'Pocono Raceway','Finished',6.0,0,4,'Both #11 Denny Hamlin and #18 Kyle Busch, who finished P1 and P2 respectively, were disqualified following post-race inspections.'),
(1327,'2022-07-31',22,NULL,64,'Indianapolis Motor Speedway Road Course','Finished',7.0,0,12,NULL),
(1328,'2022-08-07',23,NULL,64,'Michigan International Speedway','Finished',6.0,3,9,NULL),
(1329,'2022-08-14',24,NULL,64,'Richmond Raceway','Finished',6.0,0,9,NULL),
(1330,'2022-08-21',25,NULL,64,'Watkins Glen International','Finished',6.0,1,4,NULL),
(1331,'2022-08-27',26,NULL,64,'Daytona International Speedway','Finished',8.0,4,12,NULL),
(1332,'2022-09-04',27,'Southern 500',64,'Darlington Raceway','Finished',8.0,0,48,NULL),
(1333,'2022-09-11',28,NULL,64,'Kansas Speedway','Finished',6.0,0,68,NULL),
(1334,'2022-09-17',29,NULL,64,'Bristol Motor Speedway','Finished',6.0,0,6,NULL),
(1335,'2022-09-25',30,NULL,64,'Texas Motor Speedway','Finished',3.0,3,12,'Because of seemingly random tire failures, being able to complete the race, was a matter of luck.'),
(1336,'2022-10-02',31,NULL,64,'Talladega Superspeedway','Finished',7.0,0,4,NULL),
(1337,'2022-10-09',32,NULL,64,'Charlotte Motor Speedway Road Course','Finished',5.0,0,5,NULL),
(1338,'2022-10-16',33,NULL,64,'Las Vegas Motor Speedway','Finished',7.0,0,10,NULL),
(1339,'2022-10-23',34,NULL,64,'Homestead-Miami Speedway','Finished',6.0,0,4,NULL),
(1340,'2022-10-30',35,NULL,64,'Martinsville Speedway','Finished',9.0,0,5,'Insane move on the last lap by Ross Chastain.'),
(1341,'2022-11-06',36,NULL,64,'ISM Raceway, Phoenix','Finished',6.0,0,10,NULL),
(1342,'2022-03-06',1,NULL,65,'Losail Circuit','Finished',7.0,0,70,NULL),
(1343,'2022-03-20',2,NULL,65,'Mandalika International Street Circuit','Finished',7.0,5,59,NULL),
(1344,'2022-04-03',3,NULL,65,'Termas de Río Hondo','Finished',7.0,0,73,NULL),
(1345,'2022-04-10',4,NULL,65,'Circuit of the Americas, Austin, Texas','Finished',7.0,0,70,NULL),
(1346,'2022-04-24',5,NULL,65,'Autódromo Internacional do Algarve, Portimão','Finished',5.0,0,20,NULL),
(1347,'2022-05-01',6,NULL,65,'Circuito de Jerez-Ángel Nieto Jerez de la Frontera','Finished',7.0,0,21,NULL),
(1348,'2022-05-15',7,NULL,65,'Circuit Bugatti, Le Mans','Finished',5.0,0,70,NULL),
(1349,'2022-05-29',8,NULL,65,'Mugello Circuit, Scarperia','Finished',5.0,0,21,NULL),
(1350,'2022-06-05',9,NULL,65,'Circuit de Barcelona-Catalunya','Finished',6.0,0,20,NULL),
(1351,'2022-06-19',10,NULL,65,'Sachsenring, Hohenstein-Ernstthal','Finished',4.0,0,20,NULL),
(1352,'2022-06-26',11,NULL,65,'TT Circuit Assen','Finished',7.0,2,21,NULL),
(1354,'2022-08-07',12,NULL,65,'Silverstone Circuit','Finished',6.0,0,21,NULL),
(1355,'2022-08-21',13,NULL,65,'Red Bull Ring, Spielberg','Finished',6.0,0,21,NULL),
(1356,'2022-09-04',14,NULL,65,'Misano World Circuit Marco Simoncelli','Finished',6.0,0,21,NULL),
(1357,'2022-09-18',15,NULL,65,'Ciudad del Motor de Aragón','Finished',7.0,0,70,NULL),
(1358,'2022-09-25',16,NULL,65,'Twin Ring Motegi','Finished',6.0,0,21,NULL),
(1359,'2022-10-02',17,NULL,65,'Chang International Circuit, Buriram','Finished',7.0,1,59,NULL),
(1360,'2022-10-16',18,NULL,65,'Phillip Island Circuit','Finished',9.0,0,39,NULL),
(1361,'2022-10-23',19,NULL,65,'Sepang International Circuit, Kuala Lumpur','Finished',6.0,0,21,NULL),
(1362,'2022-11-06',20,NULL,65,'Circuit Ricardo Tormo, Valencia','Finished',6.0,0,39,NULL),
(1363,'2022-03-20',1,NULL,66,'Bahrain International Circuit, Sakhir','Finished',8.0,0,1,NULL),
(1364,'2022-03-27',2,NULL,66,'Jeddah Corniche Circuit','Finished',9.0,0,7,NULL),
(1365,'2022-04-10',3,NULL,66,'Albert Park, Melbourne','Finished',6.0,0,1,NULL),
(1366,'2022-04-24',4,NULL,66,'Autodromo Internazionale Enzo e Dino Ferrari, Imola','Finished',8.0,1,7,NULL),
(1367,'2022-05-08',5,NULL,66,'Miami International Autodrome, Miami Gardens','Finished',7.0,0,7,NULL),
(1368,'2022-05-22',6,NULL,66,'Circuit de Barcelona-Catalunya','Finished',7.0,0,7,NULL),
(1369,'2022-05-29',7,NULL,66,'Circuit de Monaco, Monte Carlo','Finished',6.0,4,7,NULL),
(1370,'2022-06-12',8,NULL,66,'Baku City Circuit','Finished',5.0,0,7,NULL),
(1371,'2022-06-19',9,NULL,66,'Circuit Gilles Villeneuve, Montréal','Finished',7.0,0,7,NULL),
(1372,'2022-07-03',10,NULL,66,'Silverstone Circuit','Finished',9.0,0,1,NULL),
(1373,'2022-07-10',11,NULL,66,'Red Bull Ring, Spielberg','Finished',6.0,0,1,NULL),
(1374,'2022-07-24',12,NULL,66,'Circuit Paul Ricard, Le Castellet','Finished',6.0,0,7,NULL),
(1375,'2022-07-31',13,NULL,66,'Hungaroring, Budapest','Finished',8.0,2,7,NULL),
(1376,'2022-08-28',14,NULL,66,'Circuit de Spa-Francorchamps','Finished',7.0,0,7,NULL),
(1377,'2022-09-04',15,NULL,66,'Circuit Zandvoort','Finished',6.0,0,7,NULL),
(1378,'2022-09-11',16,NULL,66,'Autodromo Nazionale Monza','Finished',5.0,0,7,NULL),
(1379,'2022-09-25',17,NULL,66,'Sochi Autodrom','Cancelled',0.0,NULL,NULL,'Cancelled because of the Russia-Ukraine conflict.'),
(1380,'2022-10-02',18,NULL,66,'Marina Bay Street Circuit, Singapore','Finished',7.0,1,7,NULL),
(1381,'2022-10-09',19,NULL,66,'Suzuka Circuit','Finished',6.0,5,7,NULL),
(1382,'2022-10-23',20,NULL,66,'Circuit of the Americas, Austin, Texas','Finished',8.0,0,7,NULL),
(1383,'2022-10-30',21,NULL,66,'Autódromo Hermanos Rodríguez, Mexico City','Finished',5.0,0,7,NULL),
(1384,'2022-11-13',22,NULL,66,'Autódromo José Carlos Pace, Interlagos','Finished',7.0,0,2,NULL),
(1385,'2022-11-20',23,NULL,66,'Yas Marina Circuit, Abu Dhabi','Finished',7.0,0,7,NULL),
(1386,'2022-03-18',1,'1000 Miles of Sebring',67,'Sebring International Raceway','Finished',6.0,6,71,NULL),
(1387,'2022-05-07',2,NULL,67,'Circuit de Spa-Francorchamps','Finished',6.0,4,37,NULL),
(1388,'2022-06-11',3,NULL,67,'Circuit de la Sarthe, Le Mans','Finished',5.0,0,37,NULL),
(1389,'2022-07-10',4,NULL,67,'Autodromo Nazionale Monza','Finished',7.0,0,71,NULL),
(1390,'2022-09-11',5,NULL,67,'Fuji Speedway','Finished',6.0,0,37,NULL),
(1391,'2022-11-12',6,NULL,67,'Bahrain International Circuit, Sakhir','Finished',4.0,0,37,NULL),
(1392,'2023-01-14',1,NULL,68,'Autódromo Hermanos Rodríguez, Mexico City','Finished',5.0,0,35,NULL),
(1393,'2023-01-27',2,NULL,68,'Riyadh Street Circuit','Finished',6.0,0,69,NULL),
(1394,'2023-01-28',3,NULL,68,'Riyadh Street Circuit','Finished',5.0,0,69,NULL),
(1395,'2023-02-11',4,NULL,68,'Hyderabad Street Circuit','Finished',6.0,0,34,NULL),
(1396,'2023-02-25',5,NULL,68,'Cape Town Street Circuit','Finished',8.0,0,69,NULL),
(1397,'2023-03-25',6,NULL,68,'Santana Street Circuit, São Paulo','Finished',6.0,0,33,NULL),
(1398,'2023-04-22',7,NULL,68,'Tempelhof Airport Street Circuit, Berlin','Finished',3.0,0,33,NULL),
(1399,'2023-04-23',8,NULL,68,'Tempelhof Airport Street Circuit, Berlin','Finished',5.0,1,26,NULL),
(1400,'2023-05-06',9,NULL,68,'Circuit de Monaco, Monte Carlo','Finished',6.0,0,26,NULL),
(1401,'2023-06-03',10,NULL,68,'Jakarta International e-Prix Circuit','Finished',6.0,0,69,NULL),
(1402,'2023-06-04',11,NULL,68,'Jakarta International e-Prix Circuit','Finished',5.0,0,28,NULL),
(1403,'2023-06-24',12,NULL,68,'Portland International Raceway','Finished',5.0,0,26,NULL),
(1404,'2023-07-15',13,NULL,68,'Circuito Cittadino dell\'EUR, Rome','Finished',8.0,0,33,NULL),
(1405,'2023-07-16',14,NULL,68,'Circuito Cittadino dell\'EUR, Rome','Finished',6.0,0,35,NULL),
(1406,'2023-07-29',15,NULL,68,'ExCel London','Finished',7.0,0,33,NULL),
(1407,'2023-07-30',16,NULL,68,'ExCel London','Finished',6.0,4,26,NULL),
(1408,'2023-03-26',1,NULL,69,'Autódromo Internacional do Algarve, Portimão','Finished',4.0,0,21,'First ever sprint race was held, also won by Francesco Bagnaia.'),
(1409,'2023-04-02',2,NULL,69,'Termas de Río Hondo','Finished',6.0,5,74,NULL),
(1410,'2023-04-16',3,NULL,69,'Circuit of the Americas, Austin, Texas','Finished',7.0,0,25,NULL),
(1411,'2023-04-30',4,NULL,69,'Circuito de Jerez-Ángel Nieto Jerez de la Frontera','Finished',7.0,0,21,NULL),
(1412,'2023-05-14',5,NULL,69,'Circuit Bugatti, Le Mans','Finished',8.0,0,74,NULL),
(1413,'2023-06-11',6,NULL,69,'Mugello Circuit, Scarperia','Finished',4.0,0,21,NULL),
(1414,'2023-06-18',7,NULL,69,'Sachsenring, Hohenstein-Ernstthal','Finished',8.0,0,66,NULL),
(1415,'2023-06-25',8,NULL,69,'TT Circuit Assen','Finished',5.0,0,21,NULL),
(1416,'2023-07-09',9,NULL,69,'Sokol International Racetrack, Almaty','Cancelled',0.0,NULL,NULL,'Cancelled due to ongoing homologation works.'),
(1417,'2023-08-06',10,NULL,69,'Silverstone Circuit','Finished',7.0,3,73,NULL),
(1418,'2023-08-20',11,NULL,69,'Red Bull Ring, Spielberg','Finished',5.0,0,21,NULL),
(1419,'2023-09-03',12,NULL,69,'Circuit de Barcelona-Catalunya','Finished',5.0,0,73,NULL),
(1420,'2023-09-10',13,NULL,69,'Misano World Circuit Marco Simoncelli','Finished',5.0,0,66,NULL),
(1421,'2023-09-24',14,NULL,69,'Buddh International Circuit, New Delhi','Finished',6.0,0,74,NULL),
(1422,'2023-10-01',15,NULL,69,'Twin Ring Motegi','Finished',8.0,6,66,NULL),
(1423,'2023-10-15',16,NULL,69,'Mandalika International Street Circuit','Finished',8.0,0,21,NULL),
(1424,'2023-10-22',17,NULL,69,'Phillip Island Circuit','Finished',9.0,0,66,NULL),
(1425,'2023-10-29',18,NULL,69,'Chang International Circuit, Buriram','Finished',9.0,0,66,NULL),
(1426,'2023-11-12',19,NULL,69,'Sepang International Circuit, Kuala Lumpur','Finished',5.0,0,21,NULL),
(1427,'2023-11-19',20,NULL,69,'Losail Circuit','Finished',7.0,0,70,NULL),
(1428,'2023-11-26',21,NULL,69,'Circuit Ricardo Tormo, Valencia','Finished',8.0,0,21,NULL),
(1429,'2023-03-05',1,NULL,70,'Bahrain International Circuit, Sakhir','Finished',6.0,0,7,NULL),
(1430,'2023-03-19',2,NULL,70,'Jeddah Corniche Circuit','Finished',5.0,0,7,NULL),
(1431,'2023-04-30',4,NULL,70,'Baku City Circuit','Finished',6.0,0,7,NULL),
(1432,'2023-04-02',3,NULL,70,'Albert Park, Melbourne','Finished',7.0,0,7,NULL),
(1433,'2023-05-07',5,NULL,70,'Miami International Autodrome, Miami Gardens','Finished',6.0,0,7,NULL),
(1434,'2023-05-21',6,NULL,70,'Autodromo Internazionale Enzo e Dino Ferrari, Imola','Cancelled',0.0,NULL,NULL,'Cancelled due too floodings in the area.'),
(1435,'2023-05-28',7,NULL,70,'Circuit de Monaco, Monte Carlo','Finished',6.0,4,7,NULL),
(1436,'2023-06-04',8,NULL,70,'Circuit de Barcelona-Catalunya','Finished',5.0,0,7,NULL),
(1437,'2023-06-18',9,NULL,70,'Circuit Gilles Villeneuve, Montréal','Finished',5.0,0,7,NULL),
(1438,'2023-07-02',10,NULL,70,'Red Bull Ring, Spielberg','Finished',6.0,0,7,NULL),
(1439,'2023-07-09',11,NULL,70,'Silverstone Circuit','Finished',6.0,0,7,NULL),
(1440,'2023-07-23',12,NULL,70,'Hungaroring, Budapest','Finished',6.0,0,7,NULL),
(1441,'2023-07-30',13,NULL,70,'Circuit de Spa-Francorchamps','Finished',6.0,2,7,NULL),
(1442,'2023-08-27',14,NULL,70,'Circuit Zandvoort','Finished',8.0,4,7,NULL),
(1443,'2023-09-03',15,NULL,70,'Autodromo Nazionale Monza','Finished',7.0,0,7,NULL),
(1444,'2023-09-17',16,NULL,70,'Marina Bay Street Circuit, Singapore','Finished',8.0,0,1,NULL),
(1445,'2023-09-24',17,NULL,70,'Suzuka Circuit','Finished',6.0,0,7,NULL),
(1446,'2023-10-08',18,NULL,70,'Losail Circuit','Finished',6.0,0,7,NULL),
(1447,'2023-10-22',19,NULL,70,'Circuit of the Americas, Austin, Texas','Finished',8.0,0,7,NULL),
(1448,'2023-10-29',20,NULL,70,'Autódromo Hermanos Rodríguez, Mexico City','Finished',6.0,0,7,NULL),
(1449,'2023-11-05',21,NULL,70,'Autódromo José Carlos Pace, Interlagos','Finished',6.0,0,7,NULL),
(1450,'2023-11-18',22,NULL,70,'Las Vegas Street Circuit','Finished',9.0,0,7,NULL),
(1451,'2023-11-26',23,NULL,70,'Yas Marina Circuit, Abu Dhabi','Finished',6.0,0,7,NULL),
(1452,'2023-03-17',1,'1000 Miles of Sebring',71,'Sebring International Raceway','Finished',5.0,0,37,NULL),
(1453,'2023-04-16',2,NULL,71,'Autódromo Internacional do Algarve, Portimão','Finished',6.0,0,37,NULL),
(1454,'2023-04-29',3,NULL,71,'Circuit de Spa-Francorchamps','Finished',7.0,1,37,NULL),
(1455,'2023-06-10',4,'24 Heures du Mans',71,'Circuit de la Sarthe, Le Mans','Finished',8.0,4,75,NULL),
(1456,'2023-07-09',5,NULL,71,'Autodromo Nazionale Monza','Finished',8.0,0,37,NULL),
(1457,'2023-09-10',6,NULL,71,'Fuji Speedway','Finished',5.0,0,37,NULL),
(1458,'2023-11-04',7,NULL,71,'Bahrain International Circuit, Sakhir','Finished',5.0,0,37,NULL),
(1459,'2023-03-05',1,NULL,72,'Streets of St. Petersburg','Finished',8.0,0,18,NULL),
(1460,'2023-04-02',2,NULL,72,'Texas Motor Speedway','Finished',9.0,0,14,NULL),
(1461,'2023-04-16',3,NULL,72,'Streets of Long Beach','Finished',6.0,0,17,NULL),
(1462,'2023-04-30',4,NULL,72,'Barber Motorsports Park, Alabama','Finished',6.0,0,14,NULL),
(1463,'2023-05-13',5,NULL,72,'Indianapolis Motor Speedway Road Course','Finished',6.0,0,18,NULL),
(1464,'2023-05-28',6,'Indianapolis 500',72,'Indianapolis Motor Speedway','Finished',6.0,0,14,NULL),
(1465,'2023-06-04',7,NULL,72,'Detroit Downtown Circuit','Finished',7.0,0,18,NULL),
(1466,'2023-06-18',8,NULL,72,'Road America, Elkhart Lake','Finished',6.0,0,18,NULL),
(1467,'2023-07-02',9,NULL,72,'Mid-Ohio Sports Car Course, Lexington','Finished',6.0,0,18,NULL),
(1468,'2023-07-16',10,NULL,72,'Exhibition Place, Toronto','Finished',8.0,0,19,NULL),
(1469,'2023-07-22',11,NULL,72,'Iowa Speedway','Finished',6.0,0,14,NULL),
(1470,'2023-07-23',12,NULL,72,'Iowa Speedway','Finished',6.0,0,14,NULL),
(1471,'2023-08-06',13,NULL,72,'Nashville Street Circuit','Finished',5.0,0,17,NULL),
(1472,'2023-08-12',14,NULL,72,'Indianapolis Motor Speedway Road Course','Finished',8.0,0,18,NULL),
(1473,'2023-08-27',15,NULL,72,'Gateway Motorsports Park, St. Louis','Finished',7.0,0,18,NULL),
(1474,'2023-09-03',16,NULL,72,'Portland International Raceway','Finished',7.0,0,18,NULL),
(1475,'2023-09-10',17,NULL,72,'Laguna Seca Raceway','Finished',8.0,0,18,NULL),
(1476,'2023-02-05',0,'Clash',73,'Los Angeles Memorial Coliseum','Finished',6.0,0,5,NULL),
(1477,'2023-02-16',0,'Duel 1',73,'Daytona International Speedway','Finished',6.0,0,10,NULL),
(1478,'2023-02-16',0,'Duel 2',73,'Daytona International Speedway','Finished',7.0,0,9,NULL),
(1479,'2023-02-19',1,'Daytona 500',73,'Daytona International Speedway','Finished',7.0,0,49,NULL),
(1480,'2023-02-26',2,NULL,73,'Auto Club Speedway, Fontana','Finished',7.0,0,12,NULL),
(1481,'2023-03-05',3,NULL,73,'Las Vegas Motor Speedway','Finished',5.0,0,4,NULL),
(1482,'2023-03-12',4,NULL,73,'ISM Raceway, Phoenix','Finished',7.0,0,4,NULL),
(1483,'2023-03-19',5,NULL,73,'Atlanta Motor Speedway','Finished',5.0,0,10,NULL),
(1484,'2023-03-26',6,NULL,73,'Circuit of the Americas, Austin, Texas','Finished',8.0,0,68,NULL),
(1485,'2023-04-02',7,NULL,73,'Richmond Raceway','Finished',5.0,0,4,NULL),
(1486,'2023-04-09',8,NULL,73,'Bristol Motor Speedway','Finished',6.0,0,5,NULL),
(1487,'2023-04-16',9,NULL,73,'Martinsville Speedway','Finished',4.0,0,4,NULL),
(1488,'2023-04-23',10,'GEICO 500',73,'Talladega Superspeedway','Finished',4.0,0,12,NULL),
(1489,'2023-04-30',11,NULL,73,'Dover International Speedway','Finished',7.0,4,5,NULL),
(1490,'2023-05-07',12,NULL,73,'Kansas Speedway','Finished',8.0,0,5,NULL),
(1491,'2023-05-14',13,NULL,73,'Darlington Raceway','Finished',7.0,0,4,NULL),
(1492,'2023-05-21',0,'All-Star Open',73,'North Wilkesboro Speedway','Finished',6.0,0,4,NULL),
(1493,'2023-05-21',0,'All-Star Race',73,'North Wilkesboro Speedway','Finished',4.0,0,4,NULL),
(1494,'2023-05-28',14,'Coca-Cola 600',73,'Charlotte Motor Speedway','Finished',7.0,4,10,NULL),
(1495,'2023-06-04',15,NULL,73,'Gateway Motorsports Park, St. Louis','Finished',7.0,3,12,NULL),
(1496,'2023-06-11',16,NULL,73,'Sonoma Raceway','Finished',6.0,0,5,NULL),
(1497,'2023-06-25',17,NULL,73,'Nashville Superspeedway','Finished',5.0,0,72,NULL),
(1498,'2023-07-02',18,NULL,73,'Chicago Street Course','Finished',8.0,3,72,NULL),
(1499,'2023-07-09',19,NULL,73,'Atlanta Motor Speedway','Finished',7.0,4,4,NULL),
(1500,'2023-07-16',20,NULL,73,'New Hampshire Motor Speedway, Loudon','Finished',7.0,4,5,NULL),
(1501,'2023-07-23',21,NULL,73,'Pocono Raceway','Finished',8.0,0,5,NULL),
(1502,'2023-07-30',22,NULL,73,'Richmond Raceway','Finished',7.0,0,6,NULL),
(1503,'2023-08-06',23,NULL,73,'Michigan International Speedway','Finished',7.0,4,6,NULL),
(1504,'2023-08-13',24,NULL,73,'Indianapolis Motor Speedway Road Course','Finished',6.0,0,40,NULL),
(1505,'2023-08-20',25,NULL,73,'Watkins Glen International','Finished',5.0,0,4,NULL),
(1506,'2023-08-26',26,NULL,73,'Daytona International Speedway','Finished',7.0,0,6,NULL),
(1507,'2023-09-03',27,'Southern 500',73,'Darlington Raceway','Finished',7.0,0,4,NULL),
(1508,'2023-09-10',28,NULL,73,'Kansas Speedway','Finished',6.0,0,68,NULL),
(1509,'2023-09-16',29,NULL,73,'Bristol Motor Speedway','Finished',4.0,3,5,NULL),
(1510,'2023-09-24',30,NULL,73,'Texas Motor Speedway','Finished',7.0,0,4,NULL),
(1511,'2023-10-01',31,NULL,73,'Talladega Superspeedway','Finished',4.0,0,10,NULL),
(1512,'2023-10-08',32,NULL,73,'Charlotte Motor Speedway Road Course','Finished',7.0,0,67,NULL),
(1513,'2023-10-15',33,NULL,73,'Las Vegas Motor Speedway','Finished',7.0,0,4,NULL),
(1514,'2023-10-22',34,NULL,73,'Homestead-Miami Speedway','Finished',8.0,0,5,NULL),
(1515,'2023-10-29',35,NULL,73,'Martinsville Speedway','Finished',7.0,0,10,NULL),
(1516,'2023-11-05',36,NULL,73,'ISM Raceway, Phoenix','Finished',9.0,0,72,NULL),
(1517,'2024-01-13',1,NULL,74,'Autódromo Hermanos Rodríguez, Mexico City','Finished',4.0,0,69,NULL),
(1518,'2024-01-26',2,NULL,74,'Riyadh Street Circuit','Finished',7.0,0,35,NULL),
(1519,'2024-01-27',3,NULL,74,'Riyadh Street Circuit','Finished',5.0,0,33,NULL),
(1520,'2024-03-16',4,NULL,74,'Santana Street Circuit, São Paulo','Finished',5.0,0,77,NULL),
(1521,'2024-03-30',5,NULL,74,'Tokyo Street Circuit','Finished',4.0,0,28,NULL),
(1522,'2024-04-13',6,NULL,74,'Misano World Circuit Marco Simoncelli','Finished',6.0,0,30,NULL),
(1523,'2024-04-14',7,NULL,74,'Misano World Circuit Marco Simoncelli','Finished',5.0,0,69,'António Félix da Costa won the race, but was later disqualified, because of an incorrect throttle pedal spring.'),
(1524,'2024-04-27',8,NULL,74,'Circuit de Monaco, Monte Carlo','Finished',7.0,0,33,NULL),
(1525,'2024-05-11',9,NULL,74,'Tempelhof Airport Street Circuit, Berlin','Finished',5.0,0,33,NULL),
(1526,'2024-05-12',10,NULL,74,'Tempelhof Airport Street Circuit, Berlin','Finished',6.0,0,69,NULL),
(1527,'2024-05-25',11,NULL,74,'Shanghai International Circuit','Finished',6.0,0,33,NULL),
(1528,'2024-05-26',12,NULL,74,'Shanghai International Circuit','Finished',4.0,0,69,NULL),
(1529,'2024-06-29',13,NULL,74,'Portland International Raceway','Finished',4.0,0,69,'Mitch Evans crossed the line first, but was given a 5 second penalty.'),
(1530,'2024-06-30',14,NULL,74,'Portland International Raceway','Finished',6.0,0,69,NULL),
(1531,'2024-07-20',15,NULL,74,'ExCel London','Finished',7.0,0,69,NULL),
(1532,'2024-07-21',16,NULL,74,'ExCel London','Finished',8.0,0,30,NULL),
(1533,'2024-02-03',0,NULL,75,'Los Angeles Memorial Coliseum','Finished',6.0,4,5,'Moved forward one day because of predictions of bad weather.'),
(1534,'2024-02-15',0,'Duel 1',75,'Daytona International Speedway','Finished',5.0,0,68,NULL),
(1535,'2024-02-18',1,'Daytona 500',75,'Daytona International Speedway','Finished',6.0,4,4,NULL),
(1536,'2024-02-25',2,NULL,75,'Atlanta Motor Speedway','Finished',7.0,0,72,NULL),
(1537,'2024-03-03',3,NULL,75,'Las Vegas Motor Speedway','Finished',7.0,0,4,NULL),
(1538,'2024-03-10',4,NULL,75,'ISM Raceway, Phoenix','Finished',6.0,0,5,NULL),
(1539,'2024-03-17',5,NULL,75,'Bristol Motor Speedway','Finished',6.0,0,5,'Goodyear tire wear issues.'),
(1540,'2024-03-24',6,NULL,75,'Circuit of the Americas, Austin, Texas','Finished',5.0,0,4,NULL),
(1541,'2024-03-31',7,NULL,75,'Richmond Raceway','Finished',6.0,1,5,NULL),
(1542,'2024-04-07',8,NULL,75,'Martinsville Speedway','Finished',5.0,0,4,NULL),
(1543,'2024-04-14',9,NULL,75,'Texas Motor Speedway','Finished',8.0,0,4,NULL),
(1544,'2024-04-21',10,'GEICO 500',75,'Talladega Superspeedway','Finished',6.0,1,68,NULL),
(1545,'2024-04-28',11,NULL,75,'Dover International Speedway','Finished',7.0,0,5,NULL),
(1546,'2024-05-05',12,NULL,75,'Kansas Speedway','Finished',8.0,3,4,NULL),
(1547,'2024-05-12',13,NULL,75,'Darlington Raceway','Finished',7.0,0,6,NULL),
(1548,'2024-05-19',0,'All-Star Open',75,'North Wilkesboro Speedway','Finished',9.0,0,5,NULL),
(1549,'2024-05-19',0,'All-Star Race',75,'North Wilkesboro Speedway','Finished',6.0,0,10,NULL),
(1550,'2024-05-26',14,'Coca Cola 600',75,'Charlotte Motor Speedway','Finished',7.0,4,5,'Race stopped after 254/400 laps, due to rain.'),
(1551,'2024-06-02',15,NULL,75,'Gateway Motorsports Park, St. Louis','Finished',7.0,0,10,NULL),
(1552,'2024-06-09',16,NULL,75,'Sonoma Raceway','Finished',7.0,0,4,NULL),
(1553,'2024-06-16',17,NULL,75,'Iowa Speedway','Finished',6.0,0,10,NULL),
(1554,'2024-06-23',18,NULL,75,'New Hampshire Motor Speedway, Loudon','Finished',8.0,4,5,NULL),
(1555,'2024-06-30',19,NULL,75,'Nashville Superspeedway','Finished',8.0,3,10,NULL),
(1556,'2024-07-07',20,NULL,75,'Chicago Street Course','Finished',8.0,4,4,NULL),
(1557,'2024-07-14',21,NULL,75,'Pocono Raceway','Finished',6.0,0,10,NULL),
(1558,'2024-07-21',22,'Brickyard 400',75,'Indianapolis Motor Speedway','Finished',7.0,0,4,NULL),
(1559,'2024-08-11',23,NULL,75,'Richmond Raceway','Finished',8.0,0,12,'This win did not qualify Dillon for the play-offs, because of a controversial move on the last lap.'),
(1560,'2024-08-18',24,NULL,75,'Michigan International Speedway','Finished',7.0,3,68,NULL),
(1561,'2024-08-24',25,NULL,75,'Daytona International Speedway','Finished',6.0,0,13,NULL),
(1562,'2024-09-01',26,'Southern 500',75,'Darlington Raceway','Finished',9.0,0,9,NULL),
(1563,'2024-09-08',27,NULL,75,'Atlanta Motor Speedway','Finished',4.0,0,10,NULL),
(1564,'2024-09-15',28,NULL,75,'Watkins Glen International','Finished',7.0,0,6,NULL),
(1565,'2024-09-21',29,NULL,75,'Bristol Motor Speedway','Finished',6.0,0,4,NULL),
(1566,'2024-09-29',30,NULL,75,'Kansas Speedway','Finished',7.0,0,68,NULL),
(1567,'2024-10-06',31,NULL,75,'Talladega Superspeedway','Finished',5.0,0,49,NULL),
(1568,'2024-10-13',32,NULL,75,'Charlotte Motor Speedway Road Course','Finished',5.0,0,4,NULL),
(1569,'2024-10-20',33,NULL,75,'Las Vegas Motor Speedway','Finished',6.0,0,10,NULL),
(1570,'2024-10-27',34,NULL,75,'Homestead-Miami Speedway','Finished',10.0,0,68,NULL),
(1571,'2024-11-03',35,NULL,75,'Martinsville Speedway','Finished',8.0,0,10,NULL),
(1572,'2024-11-10',36,NULL,75,'ISM Raceway, Phoenix','Finished',8.0,0,10,NULL),
(1573,'2024-03-10',1,NULL,76,'Losail Circuit','Finished',5.0,0,21,NULL),
(1574,'2024-03-24',2,NULL,76,'Autódromo Internacional do Algarve, Portimão','Finished',8.0,0,66,NULL),
(1575,'2024-04-14',3,NULL,76,'Circuit of the Americas, Austin, Texas','Finished',8.0,0,73,NULL),
(1576,'2024-04-28',4,NULL,76,'Circuito de Jerez-Ángel Nieto Jerez de la Frontera','Finished',9.0,0,21,NULL),
(1577,'2024-05-12',5,NULL,76,'Circuit Bugatti, Le Mans','Finished',8.0,0,66,NULL),
(1578,'2024-05-26',6,NULL,76,'Circuit de Barcelona-Catalunya','Finished',7.0,0,21,NULL),
(1579,'2024-06-02',7,NULL,76,'Mugello Circuit, Scarperia','Finished',6.0,0,21,NULL),
(1580,'2024-09-22',8,NULL,76,'Sokol International Racetrack, Almaty','Cancelled',0.0,NULL,NULL,'Was originally scheduled on June 16th, but due to heavy flooding, this weekend was postponed.\r\nIts rescheduled date also was cancelled eventually.'),
(1581,'2024-06-30',9,NULL,76,'TT Circuit Assen','Finished',5.0,0,21,NULL),
(1582,'2024-07-07',10,NULL,76,'Sachsenring, Hohenstein-Ernstthal','Finished',7.0,0,21,NULL),
(1583,'2024-08-04',11,NULL,76,'Silverstone Circuit','Finished',6.0,0,21,NULL),
(1584,'2024-08-18',12,NULL,76,'Red Bull Ring, Spielberg','Finished',5.0,0,21,NULL),
(1585,'2024-09-01',13,NULL,76,'Ciudad del Motor de Aragón','Finished',5.0,0,70,NULL),
(1586,'2024-09-08',14,NULL,76,'Misano World Circuit Marco Simoncelli','Finished',6.0,3,70,NULL),
(1587,'2024-09-22',15,NULL,76,'Misano World Circuit Marco Simoncelli','Finished',7.0,0,21,NULL),
(1588,'2024-09-29',16,NULL,76,'Mandalika International Street Circuit','Finished',6.0,0,66,NULL),
(1589,'2024-10-06',17,NULL,76,'Twin Ring Motegi','Finished',6.0,0,21,NULL),
(1590,'2024-10-20',18,NULL,76,'Phillip Island Circuit','Finished',8.0,0,70,NULL),
(1591,'2024-10-27',19,NULL,76,'Chang International Circuit, Buriram','Finished',6.0,5,21,NULL),
(1592,'2024-11-03',20,NULL,76,'Sepang International Circuit, Kuala Lumpur','Finished',7.0,0,21,NULL),
(1593,'2024-11-17',21,NULL,76,'Circuit de Barcelona-Catalunya','Finished',4.0,0,21,'Due to heavy floods, this race was moved from Valencia to Barcelona.'),
(1594,'2024-03-02',1,NULL,77,'Bahrain International Circuit, Sakhir','Finished',6.0,0,7,NULL),
(1595,'2024-03-09',2,NULL,77,'Jeddah Corniche Circuit','Finished',6.0,0,7,NULL),
(1596,'2024-03-24',3,NULL,77,'Albert Park, Melbourne','Finished',6.0,0,1,NULL),
(1597,'2024-04-07',4,NULL,77,'Suzuka Circuit','Finished',6.0,0,7,NULL),
(1598,'2024-04-21',5,NULL,77,'Shanghai International Circuit','Finished',6.0,0,7,NULL),
(1599,'2024-05-05',6,NULL,77,'Miami International Autodrome, Miami Gardens','Finished',6.0,0,52,NULL),
(1600,'2024-05-19',7,NULL,77,'Autodromo Internazionale Enzo e Dino Ferrari, Imola','Finished',7.0,0,7,NULL),
(1601,'2024-05-26',8,NULL,77,'Circuit de Monaco, Monte Carlo','Finished',3.0,0,1,NULL),
(1602,'2024-06-09',9,NULL,77,'Circuit Gilles Villeneuve, Montréal','Finished',8.0,4,7,NULL),
(1603,'2024-06-23',10,NULL,77,'Circuit de Barcelona-Catalunya','Finished',8.0,0,7,NULL),
(1604,'2024-06-30',11,NULL,77,'Red Bull Ring, Spielberg','Finished',8.0,0,2,NULL),
(1605,'2024-07-07',12,NULL,77,'Silverstone Circuit','Finished',8.0,4,2,NULL),
(1606,'2024-07-21',13,NULL,77,'Hungaroring, Budapest','Finished',8.0,0,52,NULL),
(1607,'2024-07-28',14,NULL,77,'Circuit de Spa-Francorchamps','Finished',8.0,0,2,NULL),
(1608,'2024-08-25',15,NULL,77,'Circuit Zandvoort','Finished',6.0,0,52,NULL),
(1609,'2024-09-01',16,NULL,77,'Autodromo Nazionale Monza','Finished',8.0,0,1,NULL),
(1610,'2024-09-15',17,NULL,77,'Baku City Circuit','Finished',7.0,0,52,NULL),
(1611,'2024-09-22',18,NULL,77,'Marina Bay Street Circuit, Singapore','Finished',5.0,0,52,NULL),
(1612,'2024-10-20',19,NULL,77,'Circuit of the Americas, Austin, Texas','Finished',8.0,0,1,NULL),
(1613,'2024-10-27',20,NULL,77,'Autódromo Hermanos Rodríguez, Mexico City','Finished',6.0,2,1,NULL),
(1614,'2024-11-03',21,NULL,77,'Autódromo José Carlos Pace, Interlagos','Finished',9.0,5,7,NULL),
(1615,'2024-11-23',22,NULL,77,'Las Vegas Street Circuit','Finished',7.0,0,2,NULL),
(1616,'2024-12-01',23,NULL,77,'Losail Circuit','Finished',7.0,0,7,NULL),
(1617,'2024-12-08',24,NULL,77,'Yas Marina Circuit, Abu Dhabi','Finished',5.0,0,52,NULL),
(1618,'2024-03-10',1,NULL,78,'Streets of St. Petersburg','Finished',5.0,0,64,'Josef Newgarden won the race, but was disqualified after being able to use push-to-pass on restarts.'),
(1619,'2024-03-24',0,'$1 Million Challenge',78,'The Thermal Club, California','Finished',7.0,0,18,NULL),
(1620,'2024-04-21',2,NULL,78,'Streets of Long Beach','Finished',8.0,0,18,NULL),
(1621,'2024-04-28',3,NULL,78,'Barber Motorsports Park, Alabama','Finished',8.0,0,14,NULL),
(1622,'2024-05-11',4,NULL,78,'Indianapolis Motor Speedway Road Course','Finished',7.0,0,18,NULL),
(1623,'2024-05-26',5,'Indianapolis 500',78,'Indianapolis Motor Speedway','Finished',8.0,2,14,NULL),
(1624,'2024-06-02',6,NULL,78,'Detroit Downtown Circuit','Finished',7.0,3,18,NULL),
(1625,'2024-06-09',7,NULL,78,'Road America, Elkhart Lake','Finished',6.0,0,14,NULL),
(1626,'2024-06-23',8,NULL,78,'Laguna Seca Raceway','Finished',8.0,0,18,NULL),
(1627,'2024-07-07',9,NULL,78,'Mid-Ohio Sports Car Course, Lexington','Finished',6.0,0,64,NULL),
(1628,'2024-07-13',10,NULL,78,'Iowa Speedway','Finished',6.0,0,14,NULL),
(1629,'2024-07-14',11,NULL,78,'Iowa Speedway','Finished',5.0,0,14,NULL),
(1630,'2024-07-21',12,NULL,78,'Exhibition Place, Toronto','Finished',7.0,0,17,NULL),
(1631,'2024-08-17',13,NULL,78,'Gateway Motorsports Park, St. Louis','Finished',8.0,0,14,NULL),
(1632,'2024-08-25',14,NULL,78,'Portland International Raceway','Finished',6.0,0,14,NULL),
(1633,'2024-08-31',15,NULL,78,'Milwaukee Mile','Finished',6.0,0,64,NULL),
(1634,'2024-09-01',16,NULL,78,'Milwaukee Mile','Finished',7.0,0,14,NULL),
(1635,'2024-09-15',17,NULL,78,'Nashville Street Circuit','Finished',5.0,0,17,NULL),
(1636,'2024-03-02',1,NULL,79,'Losail Circuit','Finished',6.0,0,76,NULL),
(1637,'2024-04-21',2,NULL,79,'Autodromo Internazionale Enzo e Dino Ferrari, Imola','Finished',7.0,4,37,NULL),
(1638,'2024-05-11',3,NULL,79,'Circuit de Spa-Francorchamps','Finished',8.0,0,78,NULL),
(1639,'2024-06-15',4,'24 Heures du Mans',79,'Circuit de la Sarthe, Le Mans','Finished',8.0,4,75,NULL),
(1640,'2024-07-14',5,NULL,79,'Autódromo José Carlos Pace, Interlagos','Finished',7.0,0,37,NULL),
(1641,'2024-09-01',6,NULL,79,'Circuit of the Americas, Austin, Texas','Finished',7.0,0,79,NULL),
(1642,'2024-09-15',7,NULL,79,'Fuji Speedway','Finished',7.0,0,76,NULL),
(1643,'2024-11-02',8,NULL,79,'Bahrain International Circuit, Sakhir','Finished',7.0,0,37,NULL),
(1644,'2024-02-15',0,'Duel 2',75,'Daytona International Speedway','Finished',6.0,0,5,NULL),
(1645,'2024-12-07',1,NULL,80,'Santana Street Circuit, São Paulo','Finished',7.0,0,33,NULL),
(1646,'2025-01-11',2,NULL,80,'Autódromo Hermanos Rodríguez, Mexico City','Finished',8.0,0,30,NULL),
(1647,'2025-02-14',3,NULL,80,'Jeddah Corniche Circuit','Finished',7.0,0,34,NULL),
(1648,'2025-02-15',4,NULL,80,'Jeddah Corniche Circuit','Finished',7.0,0,30,NULL),
(1649,'2025-04-12',5,NULL,80,'Homestead-Miami Speedway','Finished',4.0,0,69,NULL),
(1650,'2025-05-03',6,NULL,80,'Circuit de Monaco, Monte Carlo','Finished',7.0,0,30,NULL),
(1651,'2025-05-04',7,NULL,80,'Circuit de Monaco, Monte Carlo','Finished',7.0,4,26,NULL),
(1652,'2025-05-17',8,NULL,80,'Tokyo Street Circuit','Finished',6.0,5,28,NULL),
(1653,'2025-05-18',9,NULL,80,'Tokyo Street Circuit','Finished',8.0,0,30,NULL),
(1654,'2025-06-01',10,NULL,80,'Shanghai International Circuit','Finished',7.0,0,34,NULL),
(1655,'2025-06-02',11,NULL,80,'Shanghai International Circuit','Finished',6.0,5,33,NULL),
(1656,'2025-06-21',12,NULL,80,'Jakarta International e-Prix Circuit','Scheduled',NULL,NULL,NULL,NULL),
(1657,'2025-07-12',13,NULL,80,'Tempelhof Airport Street Circuit, Berlin','Scheduled',NULL,NULL,NULL,NULL),
(1658,'2025-07-13',14,NULL,80,'Tempelhof Airport Street Circuit, Berlin','Scheduled',NULL,NULL,NULL,NULL),
(1659,'2025-07-26',15,NULL,80,'ExCel London','Scheduled',NULL,NULL,NULL,NULL),
(1660,'2025-07-27',16,NULL,80,'ExCel London','Scheduled',NULL,NULL,NULL,NULL),
(1661,'2025-03-16',1,NULL,81,'Albert Park, Melbourne','Finished',9.0,4,52,NULL),
(1662,'2025-03-23',2,NULL,81,'Shanghai International Circuit','Finished',6.0,0,52,NULL),
(1663,'2025-04-06',3,NULL,81,'Suzuka Circuit','Finished',7.0,1,7,NULL),
(1664,'2025-04-13',4,NULL,81,'Bahrain International Circuit, Sakhir','Finished',7.0,0,52,NULL),
(1665,'2025-04-20',5,NULL,81,'Jeddah Corniche Circuit','Finished',5.0,0,52,NULL),
(1666,'2025-05-04',6,NULL,81,'Miami International Autodrome, Miami Gardens','Finished',8.0,2,52,NULL),
(1667,'2025-05-18',7,NULL,81,'Autodromo Internazionale Enzo e Dino Ferrari, Imola','Finished',7.0,0,7,NULL),
(1668,'2025-05-25',8,NULL,81,'Circuit de Monaco, Monte Carlo','Finished',4.0,0,52,NULL),
(1669,'2025-06-01',9,NULL,81,'Circuit de Barcelona-Catalunya','Finished',6.0,0,52,NULL),
(1670,'2025-06-15',10,NULL,81,'Circuit Gilles Villeneuve, Montréal','Scheduled',NULL,NULL,NULL,NULL),
(1671,'2025-06-29',11,NULL,81,'Red Bull Ring, Spielberg','Scheduled',NULL,NULL,NULL,NULL),
(1672,'2025-07-06',12,NULL,81,'Silverstone Circuit','Scheduled',NULL,NULL,NULL,NULL),
(1673,'2025-07-27',13,NULL,81,'Circuit de Spa-Francorchamps','Scheduled',NULL,NULL,NULL,NULL),
(1674,'2025-08-03',14,NULL,81,'Hungaroring, Budapest','Scheduled',NULL,NULL,NULL,NULL),
(1675,'2025-08-31',15,NULL,81,'Circuit Zandvoort','Scheduled',NULL,NULL,NULL,NULL),
(1676,'2025-09-07',16,NULL,81,'Autodromo Nazionale Monza','Scheduled',NULL,NULL,NULL,NULL),
(1677,'2025-09-21',17,NULL,81,'Baku City Circuit','Scheduled',NULL,NULL,NULL,NULL),
(1678,'2025-10-05',18,NULL,81,'Marina Bay Street Circuit, Singapore','Scheduled',NULL,NULL,NULL,NULL),
(1679,'2025-10-19',19,NULL,81,'Circuit of the Americas, Austin, Texas','Scheduled',NULL,NULL,NULL,NULL),
(1680,'2025-10-26',20,NULL,81,'Autódromo Hermanos Rodríguez, Mexico City','Scheduled',NULL,NULL,NULL,NULL),
(1681,'2025-11-09',21,NULL,81,'Autódromo José Carlos Pace, Interlagos','Scheduled',NULL,NULL,NULL,NULL),
(1682,'2025-11-22',22,NULL,81,'Las Vegas Street Circuit','Scheduled',NULL,NULL,NULL,NULL),
(1683,'2025-11-30',23,NULL,81,'Losail Circuit','Scheduled',NULL,NULL,NULL,NULL),
(1684,'2025-12-07',24,NULL,81,'Yas Marina Circuit, Abu Dhabi','Scheduled',NULL,NULL,NULL,NULL),
(1685,'2025-03-02',1,NULL,82,'Chang International Circuit, Buriram','Finished',5.0,0,21,NULL),
(1686,'2025-03-16',2,NULL,82,'Termas de Río Hondo','Finished',6.0,0,21,NULL),
(1687,'2025-03-30',3,NULL,82,'Circuit of the Americas, Austin, Texas','Finished',7.0,1,21,NULL),
(1688,'2025-04-13',4,NULL,82,'Losail Circuit','Finished',8.0,0,21,NULL),
(1689,'2025-04-27',5,NULL,82,'Circuito de Jerez-Ángel Nieto Jerez de la Frontera','Finished',6.0,0,70,NULL),
(1690,'2025-05-11',6,NULL,82,'Circuit Bugatti, Le Mans','Finished',9.0,4,25,NULL),
(1691,'2025-05-25',7,NULL,82,'Silverstone Circuit','Finished',7.0,0,73,NULL),
(1692,'2025-06-08',8,NULL,82,'Ciudad del Motor de Aragón','Finished',4.0,0,21,NULL),
(1693,'2025-06-22',9,NULL,82,'Mugello Circuit, Scarperia','Scheduled',NULL,NULL,NULL,NULL),
(1694,'2025-06-29',10,NULL,82,'TT Circuit Assen','Scheduled',NULL,NULL,NULL,NULL),
(1695,'2025-07-13',11,NULL,82,'Sachsenring, Hohenstein-Ernstthal','Scheduled',NULL,NULL,NULL,NULL),
(1696,'2025-07-20',12,NULL,82,'Masaryk Circuit, Brno','Scheduled',NULL,NULL,NULL,NULL),
(1697,'2025-08-17',13,NULL,82,'Red Bull Ring, Spielberg','Scheduled',NULL,NULL,NULL,NULL),
(1698,'2025-08-24',14,NULL,82,'Balaton Park Circuit, Balatonfőkajár','Scheduled',NULL,NULL,NULL,NULL),
(1699,'2025-09-07',15,NULL,82,'Circuit de Barcelona-Catalunya','Scheduled',NULL,NULL,NULL,NULL),
(1700,'2025-09-14',16,NULL,82,'Misano World Circuit Marco Simoncelli','Scheduled',NULL,NULL,NULL,NULL),
(1701,'2025-09-28',17,NULL,82,'Twin Ring Motegi','Scheduled',NULL,NULL,NULL,NULL),
(1702,'2025-10-05',18,NULL,82,'Mandalika International Street Circuit','Scheduled',NULL,NULL,NULL,NULL),
(1703,'2025-10-19',19,NULL,82,'Phillip Island Circuit','Scheduled',NULL,NULL,NULL,NULL),
(1704,'2025-10-26',20,NULL,82,'Sepang International Circuit, Kuala Lumpur','Scheduled',NULL,NULL,NULL,NULL),
(1705,'2025-11-09',21,NULL,82,'Autódromo Internacional do Algarve, Portimão','Scheduled',NULL,NULL,NULL,NULL),
(1706,'2025-11-16',22,NULL,82,'Circuit Ricardo Tormo, Valencia','Scheduled',NULL,NULL,NULL,NULL),
(1707,'2025-02-28',1,NULL,83,'Losail Circuit','Finished',6.0,0,75,NULL),
(1708,'2025-04-20',2,NULL,83,'Autodromo Internazionale Enzo e Dino Ferrari, Imola','Finished',7.0,2,75,NULL),
(1709,'2025-05-10',3,NULL,83,'Circuit de Spa-Francorchamps','Finished',7.0,0,75,NULL),
(1710,'2025-06-14',4,'24 Heures du Mans',83,'Circuit de la Sarthe, Le Mans','Scheduled',NULL,NULL,NULL,NULL),
(1711,'2025-07-13',5,NULL,83,'Autódromo José Carlos Pace, Interlagos','Scheduled',NULL,NULL,NULL,NULL),
(1712,'2025-09-07',6,NULL,83,'Circuit of the Americas, Austin, Texas','Scheduled',NULL,NULL,NULL,NULL),
(1713,'2025-09-28',7,NULL,83,'Fuji Speedway','Scheduled',NULL,NULL,NULL,NULL),
(1714,'2025-11-08',8,NULL,83,'Bahrain International Circuit, Sakhir','Scheduled',NULL,NULL,NULL,NULL),
(1715,'2025-03-02',1,NULL,84,'Streets of St. Petersburg','Finished',5.0,0,18,NULL),
(1716,'2025-03-23',2,NULL,84,'The Thermal Club, California','Finished',7.0,0,18,NULL),
(1717,'2025-04-13',3,NULL,84,'Streets of Long Beach','Finished',5.0,0,17,NULL),
(1718,'2025-05-04',4,NULL,84,'Barber Motorsports Park, Alabama','Finished',5.0,0,18,NULL),
(1719,'2025-05-10',5,NULL,84,'Indianapolis Motor Speedway Road Course','Finished',5.0,0,18,NULL),
(1720,'2025-05-25',6,'Indianapolis 500',84,'Indianapolis Motor Speedway','Finished',8.0,3,18,NULL),
(1721,'2025-06-01',7,NULL,84,'Detroit Downtown Circuit','Finished',7.0,0,17,NULL),
(1722,'2025-06-15',8,NULL,84,'Gateway Motorsports Park, St. Louis','Scheduled',NULL,NULL,NULL,NULL),
(1723,'2025-06-22',9,NULL,84,'Road America, Elkhart Lake','Scheduled',NULL,NULL,NULL,NULL),
(1724,'2025-07-06',10,NULL,84,'Mid-Ohio Sports Car Course, Lexington','Scheduled',NULL,NULL,NULL,NULL),
(1725,'2025-07-12',11,NULL,84,'Iowa Speedway','Scheduled',NULL,NULL,NULL,NULL),
(1726,'2025-07-13',12,NULL,84,'Iowa Speedway','Scheduled',NULL,NULL,NULL,NULL),
(1727,'2025-07-20',13,NULL,84,'Exhibition Place, Toronto','Scheduled',NULL,NULL,NULL,NULL),
(1728,'2025-07-27',14,NULL,84,'Laguna Seca Raceway','Scheduled',NULL,NULL,NULL,NULL),
(1729,'2025-08-10',15,NULL,84,'Portland International Raceway','Scheduled',NULL,NULL,NULL,NULL),
(1730,'2025-08-24',16,NULL,84,'Milwaukee Mile','Scheduled',NULL,NULL,NULL,NULL),
(1731,'2025-08-31',17,NULL,84,'Nashville Superspeedway','Scheduled',NULL,NULL,NULL,NULL),
(1732,'2025-02-02',0,'Cook Out Clash',85,'Bowman Gray Stadium','Finished',6.0,0,4,NULL),
(1733,'2025-02-13',0,'Duel 1',85,'Daytona International Speedway','Finished',7.0,0,68,NULL),
(1734,'2025-02-13',0,'Duel 2',85,'Daytona International Speedway','Finished',5.0,0,10,NULL),
(1735,'2025-02-16',1,'Daytona 500',85,'Daytona International Speedway','Finished',7.0,3,4,NULL),
(1736,'2025-02-23',2,NULL,85,'Atlanta Motor Speedway','Finished',8.0,0,5,NULL),
(1737,'2025-03-02',3,NULL,85,'Circuit of the Americas, Austin, Texas','Finished',9.0,0,5,NULL),
(1738,'2025-03-09',4,NULL,85,'ISM Raceway, Phoenix','Finished',7.0,0,5,NULL),
(1739,'2025-03-16',5,NULL,85,'Las Vegas Motor Speedway','Finished',8.0,0,13,NULL),
(1740,'2025-03-23',6,NULL,85,'Homestead-Miami Speedway','Finished',5.0,0,4,NULL),
(1741,'2025-03-30',7,NULL,85,'Martinsville Speedway','Finished',7.0,0,5,NULL),
(1742,'2025-04-06',8,NULL,85,'Darlington Raceway','Finished',6.0,0,5,NULL),
(1743,'2025-04-13',9,NULL,85,'Bristol Motor Speedway','Finished',4.0,0,4,NULL),
(1744,'2025-04-27',10,NULL,85,'Talladega Superspeedway','Finished',4.0,0,10,NULL),
(1745,'2025-05-04',11,NULL,85,'Texas Motor Speedway','Finished',7.0,0,10,NULL),
(1746,'2025-05-11',12,NULL,85,'Kansas Speedway','Finished',5.0,0,4,NULL),
(1747,'2025-05-18',0,'All-Star Open',85,'North Wilkesboro Speedway','Finished',8.0,0,57,NULL),
(1748,'2025-05-18',0,'All-Star Race',85,'North Wilkesboro Speedway','Finished',5.0,0,5,'Introduction of the \"promotor caution\" gimmick to spice up the show. It kind of worked, but feels very artificial and manufactured.'),
(1749,'2025-05-25',13,'Coca-Cola 600',85,'Charlotte Motor Speedway','Finished',8.0,0,72,NULL),
(1750,'2025-06-01',14,NULL,85,'Nashville Superspeedway','Finished',5.0,0,10,NULL),
(1751,'2025-06-08',15,NULL,85,'Michigan International Speedway','Finished',8.0,0,5,NULL),
(1752,'2025-06-15',16,NULL,85,'Autódromo Hermanos Rodríguez, Mexico City','Scheduled',NULL,NULL,NULL,NULL),
(1753,'2025-06-22',17,NULL,85,'Pocono Raceway','Scheduled',NULL,NULL,NULL,NULL),
(1754,'2025-06-28',18,NULL,85,'Atlanta Motor Speedway','Scheduled',NULL,NULL,NULL,NULL),
(1755,'2025-07-06',19,NULL,85,'Chicago Street Course','Scheduled',NULL,NULL,NULL,NULL),
(1756,'2025-07-13',20,NULL,85,'Sonoma Raceway','Scheduled',NULL,NULL,NULL,NULL),
(1757,'2025-07-20',21,NULL,85,'Dover International Speedway','Scheduled',NULL,NULL,NULL,NULL),
(1758,'2025-07-27',22,NULL,85,'Indianapolis Motor Speedway','Scheduled',NULL,NULL,NULL,NULL),
(1759,'2025-08-03',23,NULL,85,'Iowa Speedway','Scheduled',NULL,NULL,NULL,NULL),
(1760,'2025-08-10',24,NULL,85,'Watkins Glen International','Scheduled',NULL,NULL,NULL,NULL),
(1761,'2025-08-16',25,NULL,85,'Richmond Raceway','Scheduled',NULL,NULL,NULL,NULL),
(1762,'2025-08-23',26,NULL,85,'Daytona International Speedway','Scheduled',NULL,NULL,NULL,NULL),
(1763,'2025-08-31',27,'Southern 500',85,'Darlington Raceway','Scheduled',NULL,NULL,NULL,NULL),
(1764,'2025-09-07',28,NULL,85,'Gateway Motorsports Park, St. Louis','Scheduled',NULL,NULL,NULL,NULL),
(1765,'2025-09-13',29,NULL,85,'Bristol Motor Speedway','Scheduled',NULL,NULL,NULL,NULL),
(1766,'2025-09-21',30,NULL,85,'New Hampshire Motor Speedway, Loudon','Scheduled',NULL,NULL,NULL,NULL),
(1767,'2025-09-28',31,NULL,85,'Kansas Speedway','Scheduled',NULL,NULL,NULL,NULL),
(1768,'2025-10-05',32,NULL,85,'Charlotte Motor Speedway Road Course','Scheduled',NULL,NULL,NULL,NULL),
(1769,'2025-10-12',33,NULL,85,'Las Vegas Motor Speedway','Scheduled',NULL,NULL,NULL,NULL),
(1770,'2025-10-19',34,NULL,85,'Talladega Superspeedway','Scheduled',NULL,NULL,NULL,NULL),
(1771,'2025-10-26',35,NULL,85,'Martinsville Speedway','Scheduled',NULL,NULL,NULL,NULL),
(1772,'2025-11-02',36,NULL,85,'ISM Raceway, Phoenix','Scheduled',NULL,NULL,NULL,NULL);
/*!40000 ALTER TABLE `Round` ENABLE KEYS */;
UNLOCK TABLES;

--
-- Table structure for table `RoundWinner`
--

DROP TABLE IF EXISTS `RoundWinner`;
/*!40101 SET @saved_cs_client     = @@character_set_client */;
/*!40101 SET character_set_client = utf8mb4 */;
CREATE TABLE `RoundWinner` (
  `Id` int(11) NOT NULL AUTO_INCREMENT,
  `Round` int(11) NOT NULL,
  `Participant` int(11) NOT NULL,
  PRIMARY KEY (`Id`),
  KEY `RoundWinner_Round_FK` (`Round`),
  KEY `RoundWinner_Participant_FK` (`Participant`),
  CONSTRAINT `RoundWinner_Participant_FK` FOREIGN KEY (`Participant`) REFERENCES `Participant` (`Id`),
  CONSTRAINT `RoundWinner_Round_FK` FOREIGN KEY (`Round`) REFERENCES `Round` (`Id`)
) ENGINE=InnoDB AUTO_INCREMENT=2881 DEFAULT CHARSET=utf8mb4 COLLATE=utf8mb4_uca1400_ai_ci;
/*!40101 SET character_set_client = @saved_cs_client */;

--
-- Dumping data for table `RoundWinner`
--

LOCK TABLES `RoundWinner` WRITE;
/*!40000 ALTER TABLE `RoundWinner` DISABLE KEYS */;
INSERT INTO `RoundWinner` VALUES
(1,1,1),
(19,2,2),
(21,3,5),
(22,9,1),
(23,10,6),
(24,11,2),
(25,12,1),
(26,13,2),
(28,14,7),
(30,8,4),
(31,16,8),
(32,15,9),
(33,27,9),
(34,18,13),
(35,17,12),
(36,19,9),
(37,20,14),
(38,21,15),
(39,22,13),
(40,23,16),
(41,24,16),
(43,26,5),
(44,28,18),
(45,29,16),
(46,30,19),
(47,31,15),
(48,32,20),
(49,33,9),
(50,34,8),
(51,49,22),
(52,50,23),
(53,51,24),
(54,52,25),
(55,53,26),
(56,54,27),
(57,55,28),
(58,56,28),
(59,57,26),
(60,58,29),
(61,59,30),
(62,60,24),
(63,61,24),
(64,69,35),
(65,66,33),
(66,67,33),
(67,68,34),
(68,70,33),
(69,71,36),
(70,72,36),
(71,73,37),
(72,74,34),
(73,75,34),
(74,76,36),
(75,77,36),
(76,78,34),
(77,79,34),
(79,81,34),
(80,82,36),
(81,83,35),
(82,84,6),
(83,85,2),
(84,86,1),
(85,87,2),
(86,88,2),
(87,89,2),
(88,90,40),
(89,91,2),
(90,92,2),
(91,93,40),
(92,94,1),
(93,95,6),
(94,96,41),
(95,97,41),
(96,98,41),
(97,99,42),
(98,100,41),
(99,101,41),
(100,102,43),
(101,103,41),
(102,104,44),
(103,105,44),
(104,106,42),
(105,107,45),
(106,116,41),
(107,116,46),
(108,116,47),
(109,108,41),
(110,108,46),
(111,108,47),
(112,109,41),
(113,109,46),
(114,109,47),
(115,110,48),
(116,110,49),
(117,110,50),
(118,111,48),
(119,111,49),
(120,111,50),
(121,112,48),
(122,112,49),
(123,112,50),
(124,113,48),
(125,113,49),
(126,113,50),
(127,114,41),
(128,114,46),
(129,114,47),
(130,115,41),
(131,115,46),
(132,115,47),
(133,80,36),
(134,25,10),
(135,117,10),
(136,118,11),
(137,119,4),
(138,120,51),
(139,121,17),
(140,35,15),
(141,36,17),
(142,62,26),
(144,63,24),
(145,64,52),
(148,37,4),
(149,65,25),
(150,38,15),
(151,39,9),
(152,40,17),
(153,41,17),
(154,42,9),
(155,43,13),
(156,44,9),
(157,45,17),
(158,46,20),
(159,47,53),
(160,48,9),
(161,163,44),
(163,238,55),
(164,239,55),
(165,240,55),
(166,241,55),
(167,242,40),
(168,243,2),
(169,244,2),
(171,245,55),
(172,246,2),
(173,247,2),
(174,248,2),
(175,249,2),
(176,250,55),
(177,251,55),
(178,252,55),
(179,253,7),
(180,254,55),
(181,255,2),
(182,256,2),
(183,257,2),
(184,258,38),
(185,259,34),
(186,260,34),
(187,261,37),
(188,262,38),
(189,263,38),
(190,264,37),
(191,265,39),
(192,266,34),
(193,267,57),
(194,268,56),
(195,269,33),
(196,270,35),
(197,271,34),
(198,272,34),
(199,273,56),
(200,274,36),
(201,275,38),
(202,276,4),
(203,277,58),
(204,279,4),
(205,278,17),
(206,280,16),
(207,281,13),
(208,282,20),
(209,283,16),
(211,284,17),
(212,285,17),
(213,286,21),
(214,287,21),
(215,288,13),
(216,289,17),
(217,290,53),
(218,291,15),
(219,292,10),
(220,293,9),
(221,294,12),
(222,295,10),
(223,296,59),
(224,297,13),
(225,298,13),
(226,299,53),
(227,300,17),
(229,301,60),
(230,302,4),
(231,303,20),
(232,304,15),
(233,305,9),
(234,306,4),
(235,307,9),
(236,308,20),
(237,309,9),
(238,310,16),
(239,311,20),
(240,312,10),
(241,313,16),
(242,314,21),
(243,315,10),
(244,316,16),
(245,325,28),
(246,317,61),
(247,318,29),
(248,319,25),
(249,320,25),
(250,321,25),
(251,322,52),
(252,323,22),
(253,324,26),
(254,326,26),
(255,327,24),
(256,328,26),
(257,329,25),
(258,330,26),
(259,331,29),
(260,332,25),
(261,333,41),
(263,335,41),
(264,336,44),
(265,334,42),
(266,337,62),
(267,338,42),
(268,339,42),
(269,340,41),
(270,341,63),
(271,342,63),
(272,343,64),
(273,343,65),
(274,343,66),
(275,344,42),
(276,344,68),
(277,344,67),
(281,345,64),
(282,345,65),
(283,345,66),
(284,346,49),
(285,346,50),
(286,346,72),
(290,347,49),
(291,347,50),
(292,347,72),
(293,348,49),
(294,348,50),
(295,348,72),
(296,349,70),
(297,349,71),
(298,349,69),
(299,350,49),
(300,350,50),
(301,350,72),
(302,351,42),
(303,351,68),
(304,351,67),
(305,352,42),
(306,353,44),
(307,354,41),
(308,355,73),
(309,356,63),
(310,357,74),
(311,358,41),
(312,359,62),
(313,360,74),
(314,361,41),
(315,362,44),
(316,363,2),
(317,364,1),
(319,366,2),
(322,369,2),
(323,368,55),
(325,367,55),
(326,365,2),
(327,370,55),
(328,371,2),
(329,372,1),
(330,373,2),
(331,374,2),
(332,375,1),
(333,376,2),
(334,377,2),
(335,378,2),
(336,379,55),
(337,380,55),
(338,381,55),
(339,382,37),
(340,383,34),
(341,384,37),
(342,385,38),
(343,386,38),
(344,387,38),
(345,388,38),
(346,389,37),
(347,390,34),
(348,391,34),
(349,392,38),
(350,393,37),
(351,394,34),
(352,395,38),
(353,396,35),
(354,397,34),
(355,398,35),
(356,399,38),
(357,400,53),
(358,401,58),
(359,402,16),
(360,403,10),
(361,404,16),
(362,405,20),
(363,406,20),
(364,407,13),
(365,408,4),
(366,409,16),
(367,410,53),
(368,411,12),
(369,412,58),
(370,413,16),
(371,414,75),
(372,415,4),
(373,416,21),
(374,417,16),
(375,418,9),
(376,419,12),
(377,420,17),
(378,421,58),
(379,422,17),
(380,423,17),
(381,424,17),
(382,425,53),
(383,426,10),
(384,427,53),
(385,428,10),
(386,429,21),
(387,430,53),
(388,431,4),
(389,432,53),
(390,433,20),
(391,434,10),
(392,435,10),
(393,436,10),
(394,437,76),
(395,438,16),
(396,439,58),
(397,440,17),
(398,441,61),
(399,442,23),
(400,443,29),
(401,444,24),
(402,445,26),
(403,446,61),
(405,447,77),
(406,448,22),
(407,449,29),
(409,450,24),
(410,451,28),
(411,452,22),
(412,453,78),
(413,454,28),
(414,455,78),
(415,456,29),
(416,122,13),
(417,123,19),
(418,124,11),
(420,164,43),
(421,165,43),
(422,457,79),
(423,457,80),
(424,457,81),
(428,459,48),
(429,459,83),
(430,459,82),
(431,460,49),
(432,460,50),
(433,460,72),
(434,461,49),
(435,461,50),
(436,461,72),
(437,462,49),
(438,462,50),
(439,462,72),
(440,463,49),
(441,463,50),
(442,463,72),
(443,464,64),
(444,464,65),
(445,464,66),
(446,166,45),
(447,125,18),
(448,126,20),
(449,167,54),
(451,221,22),
(452,6,1),
(454,466,2),
(456,468,2),
(457,469,2),
(458,470,55),
(459,471,7),
(460,472,55),
(461,473,2),
(462,474,55),
(463,475,7),
(464,476,7),
(465,477,2),
(466,478,2),
(467,479,2),
(468,480,2),
(469,481,2),
(470,482,55),
(471,483,2),
(472,465,55),
(473,467,2),
(474,484,34),
(475,485,34),
(476,486,34),
(478,487,34),
(479,488,34),
(480,489,34),
(481,490,34),
(482,491,34),
(483,492,34),
(484,493,34),
(485,494,35),
(486,495,34),
(487,496,37),
(488,497,38),
(489,499,38),
(490,500,37),
(491,501,34),
(492,502,34),
(493,503,4),
(494,504,53),
(495,506,58),
(496,507,20),
(497,508,13),
(498,509,21),
(499,510,17),
(500,511,12),
(501,512,10),
(502,513,20),
(503,514,10),
(504,515,4),
(505,516,76),
(506,517,75),
(507,518,85),
(508,519,16),
(509,520,16),
(510,521,58),
(511,522,16),
(512,523,21),
(513,524,13),
(514,525,86),
(515,526,13),
(516,527,76),
(517,528,58),
(518,529,87),
(519,530,76),
(520,531,10),
(521,532,8),
(522,533,13),
(523,534,13),
(524,535,10),
(525,536,76),
(526,537,10),
(527,538,20),
(528,539,13),
(529,540,58),
(530,541,16),
(531,542,20),
(532,543,20),
(533,544,26),
(534,545,70),
(535,546,78),
(536,547,25),
(537,548,78),
(538,549,26),
(539,550,30),
(540,551,88),
(541,552,89),
(542,553,25),
(543,554,61),
(544,555,78),
(545,556,22),
(546,557,70),
(547,558,29),
(548,559,26),
(549,560,29),
(550,561,31),
(551,562,41),
(552,562,46),
(553,562,90),
(554,563,41),
(555,563,46),
(556,563,90),
(557,564,79),
(558,564,80),
(559,564,81),
(560,565,79),
(561,565,80),
(562,565,81),
(563,566,41),
(564,566,46),
(565,567,41),
(566,567,46),
(567,568,70),
(568,568,69),
(569,568,91),
(570,569,64),
(571,569,65),
(572,569,66),
(573,458,79),
(574,458,80),
(575,458,81),
(576,505,53),
(577,202,36),
(578,127,20),
(579,128,20),
(580,168,45),
(581,129,9),
(583,130,75),
(585,7,1),
(586,222,24),
(588,203,56),
(589,131,17),
(590,175,7),
(591,169,44),
(592,223,52),
(593,204,34),
(594,176,2),
(595,132,17),
(596,177,2),
(597,170,45),
(598,205,34),
(599,194,92),
(600,194,41),
(601,194,47),
(602,206,34),
(603,171,54),
(604,133,17),
(605,178,7),
(606,224,24),
(607,134,10),
(608,179,1),
(609,195,92),
(610,195,41),
(611,195,47),
(612,180,2),
(614,571,1),
(615,570,93),
(616,572,92),
(617,573,1),
(618,574,92),
(619,575,55),
(620,576,1),
(621,577,55),
(623,579,2),
(624,580,1),
(625,581,1),
(626,582,1),
(627,583,1),
(628,584,1),
(629,585,1),
(630,586,1),
(631,587,1),
(632,588,1),
(633,589,38),
(634,590,34),
(635,591,35),
(636,592,35),
(637,593,38),
(638,594,38),
(639,595,37),
(640,596,34),
(641,597,34),
(642,598,34),
(643,599,34),
(644,600,38),
(645,601,38),
(646,602,34),
(647,603,35),
(648,604,38),
(649,605,38),
(650,606,38),
(651,607,20),
(652,608,20),
(653,609,17),
(654,610,16),
(655,611,21),
(656,612,53),
(657,613,8),
(658,614,17),
(659,615,16),
(660,616,17),
(661,617,53),
(662,618,20),
(663,619,94),
(664,620,53),
(665,621,85),
(666,622,16),
(667,623,20),
(668,624,59),
(669,625,16),
(670,626,95),
(671,627,9),
(672,628,53),
(673,629,16),
(674,630,96),
(675,631,14),
(676,632,8),
(677,633,17),
(678,634,10),
(679,635,53),
(680,636,17),
(681,637,21),
(682,638,53),
(683,639,53),
(684,640,16),
(685,641,20),
(686,642,13),
(687,643,85),
(688,644,76),
(689,645,16),
(690,646,20),
(691,647,4),
(692,648,23),
(693,649,78),
(694,650,27),
(695,651,23),
(696,652,31),
(697,653,70),
(698,654,25),
(699,655,30),
(700,656,78),
(701,657,23),
(702,658,29),
(703,659,29),
(704,660,29),
(705,661,97),
(706,662,26),
(707,663,25),
(708,664,29),
(709,665,26),
(710,666,26),
(711,667,98),
(712,668,92),
(713,669,55),
(714,670,1),
(715,671,99),
(716,672,72),
(718,674,92),
(719,675,72),
(720,676,92),
(721,677,2),
(723,678,98),
(724,679,2),
(725,680,1),
(726,681,1),
(727,682,1),
(728,683,1),
(729,684,93),
(730,685,2),
(731,686,98),
(732,687,38),
(733,688,100),
(734,689,100),
(735,690,38),
(736,691,38),
(737,692,38),
(738,693,100),
(739,694,35),
(740,695,38),
(741,696,100),
(742,697,35),
(743,698,35),
(744,699,38),
(745,700,35),
(746,701,35),
(747,702,35),
(748,703,100),
(749,704,35),
(750,207,38),
(752,706,59),
(753,707,53),
(754,708,53),
(755,709,4),
(756,710,59),
(757,711,13),
(758,712,59),
(759,713,14),
(760,714,95),
(761,715,4),
(762,716,17),
(763,717,13),
(764,718,16),
(765,719,58),
(766,720,16),
(767,721,8),
(768,722,16),
(769,723,10),
(770,724,58),
(771,725,75),
(772,726,13),
(773,727,59),
(774,728,8),
(775,729,16),
(776,730,76),
(777,731,101),
(778,732,95),
(779,733,4),
(780,734,4),
(781,735,75),
(782,736,13),
(783,737,4),
(784,738,13),
(785,739,53),
(786,740,75),
(787,741,53),
(788,742,16),
(789,743,16),
(790,744,20),
(791,745,76),
(792,746,30),
(793,747,26),
(794,748,26),
(795,749,26),
(796,750,102),
(797,751,29),
(798,752,103),
(799,753,78),
(800,754,78),
(801,755,78),
(802,756,30),
(803,757,29),
(804,758,104),
(805,759,78),
(806,760,88),
(807,762,1),
(808,763,1),
(809,764,2),
(810,765,1),
(811,766,1),
(812,767,1),
(813,768,98),
(814,769,1),
(815,770,92),
(816,771,2),
(817,772,98),
(818,773,1),
(819,774,1),
(820,775,1),
(821,776,98),
(822,777,1),
(823,778,1),
(824,779,2),
(825,780,72),
(826,781,100),
(827,782,38),
(828,783,35),
(829,784,100),
(830,785,100),
(831,786,100),
(832,787,105),
(833,788,38),
(834,789,35),
(835,790,100),
(836,791,100),
(837,792,100),
(838,793,38),
(839,794,100),
(840,795,35),
(841,796,100),
(842,798,100),
(843,799,12),
(844,800,12),
(845,801,106),
(846,802,107),
(848,804,21),
(849,805,17),
(850,806,20),
(851,807,20),
(852,808,53),
(853,809,16),
(854,810,17),
(855,811,108),
(856,812,53),
(857,813,94),
(858,814,21),
(859,815,20),
(860,816,13),
(861,817,76),
(862,818,4),
(863,819,12),
(864,820,94),
(865,821,17),
(866,822,14),
(867,823,109),
(868,824,13),
(869,825,101),
(870,826,17),
(871,827,13),
(872,828,76),
(873,829,20),
(874,830,59),
(875,831,59),
(876,832,12),
(877,833,16),
(878,834,53),
(879,835,75),
(880,836,59),
(881,837,59),
(882,838,8),
(883,839,59),
(884,840,102),
(885,841,26),
(886,842,70),
(887,843,26),
(888,844,110),
(889,845,102),
(890,846,26),
(891,847,102),
(892,848,111),
(893,849,102),
(894,850,26),
(895,851,29),
(896,852,78),
(897,853,26),
(898,854,26),
(899,855,29),
(900,856,88),
(901,181,40),
(902,803,76),
(903,705,17),
(904,208,38),
(905,172,42),
(906,182,1),
(907,209,34),
(908,225,26),
(909,135,20),
(910,210,34),
(912,183,2),
(913,184,2),
(914,136,20),
(915,174,45),
(916,137,87),
(917,138,20),
(918,211,36),
(919,226,26),
(920,212,38),
(921,139,17),
(922,227,29),
(923,185,1),
(925,186,2),
(926,196,113),
(927,196,112),
(928,196,114),
(929,214,36),
(930,228,78),
(931,187,2),
(932,140,9),
(933,229,29),
(934,141,75),
(935,215,34),
(936,230,24),
(937,142,9),
(938,188,2),
(939,143,17),
(940,189,2),
(941,216,34),
(942,144,115),
(943,231,23),
(944,217,34),
(945,190,93),
(946,145,9),
(947,232,29),
(948,191,40),
(949,146,20),
(950,218,33),
(951,219,34),
(952,233,52),
(953,147,17),
(954,192,2),
(955,148,11),
(956,220,36),
(957,197,70),
(958,197,71),
(959,197,116),
(960,149,20),
(961,193,2),
(962,150,12),
(963,234,52),
(964,235,26),
(965,236,27),
(966,151,13),
(967,858,73),
(968,152,13),
(971,237,78),
(973,153,13),
(974,154,17),
(975,155,19),
(976,156,11),
(977,157,86),
(978,158,11),
(979,159,10),
(981,859,62),
(982,161,17),
(983,160,20),
(984,198,70),
(985,198,71),
(986,198,116),
(987,162,10),
(988,860,44),
(989,861,42),
(990,871,16),
(991,872,20),
(992,873,10),
(993,874,4),
(994,875,13),
(995,876,10),
(996,862,117),
(997,912,36),
(998,931,24),
(999,877,17),
(1000,948,6),
(1002,878,17),
(1003,199,92),
(1004,199,41),
(1005,199,47),
(1006,863,45),
(1007,932,118),
(1008,949,2),
(1009,913,34),
(1010,879,13),
(1011,880,4),
(1012,933,27),
(1013,881,17),
(1014,864,119),
(1015,950,2),
(1016,914,120),
(1017,882,9),
(1018,934,52),
(1019,865,121),
(1020,951,6),
(1021,883,11),
(1022,915,34),
(1024,952,2),
(1025,884,9),
(1026,200,92),
(1027,200,41),
(1028,200,47),
(1029,866,45),
(1030,935,25),
(1031,953,2),
(1032,916,34),
(1033,867,42),
(1034,885,13),
(1035,886,15),
(1036,887,15),
(1037,954,2),
(1038,917,122),
(1039,201,92),
(1040,201,41),
(1041,201,47),
(1042,955,2),
(1043,956,40),
(1044,918,34),
(1045,919,33),
(1046,868,45),
(1047,920,34),
(1048,173,42),
(1050,936,25),
(1051,888,9),
(1052,957,2),
(1053,869,41),
(1054,870,121),
(1055,958,40),
(1056,959,2),
(1057,921,34),
(1058,922,36),
(1059,923,120),
(1060,960,123),
(1061,961,123),
(1062,924,34),
(1063,962,1),
(1064,925,34),
(1065,963,2),
(1066,969,70),
(1067,969,71),
(1068,969,116),
(1069,926,34),
(1070,937,24),
(1071,938,29),
(1072,964,6),
(1076,970,41),
(1077,970,50),
(1078,970,47),
(1079,927,34),
(1080,889,17),
(1081,939,24),
(1082,965,2),
(1083,928,34),
(1084,929,33),
(1085,890,10),
(1086,966,6),
(1087,940,52),
(1088,891,9),
(1089,892,124),
(1090,967,40),
(1091,930,34),
(1092,971,114),
(1093,971,125),
(1094,971,126),
(1095,893,127),
(1096,894,12),
(1097,977,44),
(1098,978,128),
(1099,895,20),
(1100,968,2),
(1101,941,25),
(1102,942,24),
(1103,896,4),
(1104,943,29),
(1105,897,11),
(1106,898,20),
(1107,899,4),
(1108,900,115),
(1109,944,26),
(1110,945,27),
(1111,946,26),
(1112,901,20),
(1113,902,9),
(1114,903,9),
(1115,947,118),
(1116,904,11),
(1117,905,15),
(1118,906,19),
(1119,907,4),
(1120,908,9),
(1121,909,20),
(1122,910,4),
(1123,979,129),
(1124,911,17),
(1125,972,70),
(1126,972,71),
(1127,972,116),
(1128,991,115),
(1129,980,119),
(1130,992,10),
(1131,993,130),
(1132,994,4),
(1133,981,73),
(1134,973,114),
(1135,973,114),
(1136,973,125),
(1137,973,125),
(1138,973,126),
(1139,973,126),
(1140,995,10),
(1141,996,124),
(1142,997,10),
(1143,1095,20),
(1144,1096,4),
(1145,1008,13),
(1147,1098,13),
(1148,1074,29),
(1149,1099,20),
(1150,1100,9),
(1151,1101,4),
(1152,1102,19),
(1154,1097,11),
(1155,1013,20),
(1156,1014,4),
(1157,1062,6),
(1159,1075,29),
(1160,1015,20),
(1161,1105,2),
(1162,1076,29),
(1163,1077,43),
(1164,1016,131),
(1165,1103,132),
(1166,1104,11),
(1167,1063,2),
(1168,1108,133),
(1169,1078,25),
(1170,1079,24),
(1171,1017,18),
(1172,1109,133),
(1173,1127,4),
(1174,1064,2),
(1175,1128,13),
(1177,1121,73),
(1178,1122,73),
(1179,1123,129),
(1180,1018,20),
(1181,1106,40),
(1183,1110,134),
(1184,1124,45),
(1185,1134,20),
(1186,1125,135),
(1187,1126,3),
(1188,1107,2),
(1189,1111,36),
(1190,974,70),
(1191,974,71),
(1192,974,116),
(1193,1135,11),
(1194,1020,4),
(1195,1112,136),
(1196,1081,27),
(1197,1136,20),
(1198,1021,130),
(1199,1065,2),
(1200,1082,29),
(1201,1142,24),
(1202,1066,137),
(1203,1113,138),
(1204,1129,2),
(1205,1114,33),
(1206,1130,6),
(1207,1115,133),
(1208,578,1),
(1209,1131,2),
(1210,1116,122),
(1211,976,41),
(1212,976,50),
(1213,976,47),
(1214,1117,120),
(1215,1118,138),
(1216,1132,2),
(1217,1022,20),
(1218,1133,2),
(1219,1143,26),
(1220,1023,13),
(1221,1144,118),
(1222,1119,139),
(1223,1024,20),
(1224,1025,12),
(1225,1085,24),
(1227,1026,4),
(1228,1138,2),
(1229,1120,138),
(1230,1086,26),
(1231,1137,136),
(1232,1091,70),
(1233,1091,71),
(1234,1091,116),
(1235,1139,2),
(1236,1027,11),
(1237,1028,10),
(1238,1140,140),
(1239,1087,24),
(1240,1141,40),
(1241,1029,17),
(1242,1030,11),
(1243,1031,11),
(1244,1145,17),
(1245,1146,86),
(1246,1238,18),
(1247,1147,141),
(1248,1148,142),
(1249,1208,143),
(1250,1209,44),
(1251,1149,130),
(1252,1150,15),
(1253,1151,9),
(1254,1152,19),
(1255,1221,40),
(1256,1210,33),
(1258,1153,10),
(1259,1211,133),
(1260,1232,45),
(1261,1260,3),
(1262,1154,9),
(1263,1222,40),
(1264,1212,133),
(1265,1186,144),
(1266,1155,124),
(1267,1233,143),
(1268,1185,118),
(1269,1261,145),
(1270,1156,13),
(1271,1239,2),
(1272,1213,39),
(1273,1187,29),
(1274,1240,2),
(1275,1188,146),
(1276,1203,41),
(1277,1203,50),
(1278,1203,47),
(1279,1234,73),
(1280,1214,39),
(1281,1157,17),
(1282,1241,40),
(1283,1158,9),
(1284,1189,147),
(1285,1159,124),
(1286,1215,133),
(1288,1160,11),
(1289,1242,140),
(1290,1216,136),
(1291,1244,40),
(1292,1217,34),
(1293,1236,42),
(1294,1259,117),
(1295,1267,40),
(1296,1218,133),
(1297,1190,30),
(1298,1245,40),
(1299,1246,2),
(1300,1202,41),
(1301,1202,50),
(1302,1202,47),
(1303,1237,129),
(1304,1262,44),
(1305,1205,70),
(1306,1205,71),
(1307,1205,116),
(1308,1247,148),
(1309,1263,145),
(1310,1264,149),
(1311,1219,150),
(1312,1161,15),
(1313,1162,15),
(1314,1223,134),
(1315,1265,42),
(1316,1266,125),
(1317,1248,40),
(1318,1224,133),
(1319,1249,40),
(1320,1250,7),
(1321,1225,151),
(1322,1226,151),
(1323,1251,2),
(1324,1227,34),
(1325,1253,6),
(1326,1254,40),
(1327,1229,34),
(1328,1204,70),
(1329,1204,71),
(1330,1204,116),
(1331,1191,152),
(1332,1192,146),
(1333,1163,86),
(1334,1164,15),
(1335,1255,40),
(1336,1230,151),
(1337,1193,144),
(1338,1256,2),
(1339,1231,151),
(1340,1165,15),
(1341,1166,124),
(1342,1167,17),
(1343,1194,24),
(1344,1168,11),
(1345,1220,2),
(1346,1206,70),
(1347,1206,71),
(1348,1206,116),
(1349,1169,12),
(1350,1170,86),
(1351,1171,15),
(1352,1196,152),
(1353,1197,26),
(1354,1172,87),
(1355,1198,24),
(1356,1173,19),
(1357,1174,19),
(1359,1175,4),
(1360,1176,9),
(1361,1257,2),
(1362,1199,144),
(1363,1177,15),
(1364,1200,118),
(1365,1201,118),
(1366,1178,4),
(1367,1258,40),
(1368,1179,153),
(1369,1180,15),
(1370,1181,15),
(1371,1207,41),
(1372,1207,50),
(1373,1207,47),
(1374,1182,15),
(1375,1183,124),
(1376,1184,15),
(1377,1268,143),
(1378,1269,117),
(1379,1301,10),
(1380,1270,154),
(1381,1302,13),
(1383,1303,60),
(1384,1304,155),
(1385,1284,156),
(1386,1305,15),
(1387,1342,157),
(1388,1306,124),
(1389,1307,158),
(1390,1363,123),
(1391,1343,136),
(1392,1364,40),
(1393,1386,90),
(1394,1386,159),
(1395,1386,160),
(1396,1285,24),
(1397,1308,130),
(1398,1309,161),
(1399,1344,162),
(1400,1365,123),
(1401,1345,157),
(1402,1271,119),
(1403,1277,119),
(1404,1310,4),
(1405,1311,130),
(1406,1286,24),
(1407,1312,17),
(1408,1366,40),
(1409,1346,133),
(1410,1313,161),
(1411,1272,3),
(1412,1347,151),
(1413,1367,40),
(1414,1287,146),
(1415,1314,11),
(1416,1368,40),
(1417,1348,157),
(1418,1387,70),
(1419,1387,71),
(1420,1387,116),
(1421,1273,117),
(1422,1274,143),
(1423,1369,140),
(1424,1349,151),
(1425,1315,10),
(1428,1288,118),
(1429,1275,119),
(1430,1350,133),
(1431,1370,40),
(1432,1371,40),
(1433,1351,133),
(1434,1352,151),
(1435,1372,163),
(1436,1373,123),
(1437,1374,40),
(1438,1388,41),
(1439,1388,50),
(1440,1388,164),
(1441,1375,40),
(1442,1276,117),
(1443,1278,165),
(1444,1279,73),
(1445,1354,151),
(1446,1355,151),
(1447,1280,145),
(1448,1281,42),
(1449,1376,40),
(1450,1282,119),
(1451,1283,117),
(1452,1389,90),
(1453,1389,159),
(1454,1389,160),
(1455,1377,40),
(1456,1378,40),
(1457,1356,151),
(1458,1357,157),
(1459,1390,41),
(1460,1390,50),
(1461,1390,164),
(1462,1358,39),
(1463,1380,140),
(1464,1359,136),
(1465,1381,40),
(1466,1316,12),
(1467,1317,51),
(1468,1360,120),
(1469,1318,19),
(1470,1382,40),
(1471,1289,152),
(1472,1361,151),
(1473,1383,40),
(1474,1319,4),
(1475,1362,120),
(1476,1320,10),
(1477,1290,26),
(1478,1291,24),
(1479,1384,166),
(1480,1321,51),
(1481,1385,40),
(1485,1391,70),
(1486,1391,71),
(1487,1391,116),
(1488,1322,11),
(1489,1292,156),
(1490,1323,168),
(1491,1324,11),
(1492,1293,29),
(1493,1325,142),
(1494,1294,24),
(1496,1295,146),
(1497,1296,52),
(1499,1326,11),
(1500,1327,168),
(1501,1297,29),
(1502,1328,20),
(1503,1329,20),
(1504,1330,15),
(1505,1298,24),
(1506,1331,18),
(1507,1299,156),
(1508,1332,115),
(1509,1333,153),
(1510,1300,144),
(1511,1392,145),
(1513,1334,60),
(1515,1335,168),
(1516,1336,11),
(1517,1337,142),
(1518,1338,10),
(1519,1339,15),
(1520,1393,154),
(1521,1394,154),
(1522,1340,142),
(1523,1341,10),
(1524,1476,9),
(1525,1395,45),
(1526,1477,10),
(1527,1478,86),
(1528,1479,5),
(1529,1396,73),
(1530,1480,17),
(1531,1429,40),
(1532,1481,130),
(1533,1459,152),
(1534,1482,130),
(1535,1430,140),
(1536,1452,70),
(1537,1452,71),
(1538,1452,116),
(1539,1397,119),
(1540,1408,151),
(1541,1483,10),
(1542,1484,168),
(1544,1432,40),
(1545,1409,169),
(1546,1485,15),
(1547,1460,24),
(1548,1486,142),
(1549,1410,120),
(1550,1453,41),
(1551,1453,50),
(1552,1453,164),
(1553,1398,119),
(1554,1399,165),
(1555,1461,170),
(1556,1431,140),
(1557,1411,151),
(1558,1433,40),
(1559,1454,70),
(1560,1454,71),
(1561,1454,116),
(1563,1412,169),
(1564,1487,15),
(1565,1400,165),
(1566,1435,40),
(1567,1462,156),
(1568,1436,40),
(1569,1413,151),
(1570,1437,40),
(1571,1463,144),
(1572,1438,40),
(1573,1414,150),
(1574,1439,40),
(1575,1401,154),
(1576,1402,129),
(1577,1415,151),
(1578,1403,165),
(1579,1440,40),
(1580,1488,17),
(1581,1441,40),
(1582,1404,119),
(1583,1405,145),
(1584,1406,119),
(2584,1455,172),
(2585,1455,171),
(2586,1455,173),
(2587,1489,9),
(2588,1407,165),
(2589,1490,4),
(2590,1442,40),
(2591,1417,162),
(2592,1418,151),
(2593,1456,70),
(2594,1456,71),
(2595,1456,116),
(2596,1491,130),
(2597,1492,174),
(2598,1493,15),
(2599,1443,40),
(2600,1444,163),
(2601,1445,40),
(2602,1419,162),
(2603,1464,24),
(2604,1420,150),
(2605,1446,40),
(2606,1457,70),
(2607,1457,71),
(2608,1457,116),
(2610,1421,169),
(2611,1494,19),
(2612,1465,144),
(2613,1422,150),
(2614,1447,40),
(2615,1495,17),
(2616,1448,40),
(2617,1423,151),
(2618,1496,9),
(2619,1424,175),
(2620,1449,40),
(2621,1425,150),
(2622,1466,144),
(2623,1458,41),
(2624,1458,50),
(2625,1458,164),
(2626,1426,157),
(2627,1450,40),
(2628,1427,176),
(2629,1451,40),
(2630,1428,151),
(2631,1497,161),
(2632,1467,144),
(2633,1498,177),
(2634,1499,130),
(2635,1468,178),
(2636,1500,9),
(2637,1469,24),
(2638,1470,24),
(2639,1501,4),
(2640,1502,60),
(2641,1471,170),
(2642,1503,60),
(2643,1472,29),
(2644,1504,141),
(2645,1505,130),
(2646,1506,60),
(2647,1507,15),
(2648,1473,29),
(2649,1474,144),
(2650,1475,29),
(2651,1508,168),
(2652,1509,4),
(2653,1510,130),
(2654,1511,19),
(2655,1512,87),
(2656,1513,15),
(2657,1514,142),
(2658,1515,19),
(2659,1517,154),
(2660,1516,161),
(2661,1518,145),
(2662,1519,165),
(2663,1533,4),
(2665,1534,168),
(2666,1644,142),
(2667,1594,40),
(2668,1595,40),
(2669,1535,130),
(2670,1536,51),
(2671,1636,180),
(2672,1636,80),
(2673,1636,179),
(2674,1537,15),
(2675,1573,151),
(2676,1596,163),
(2678,1538,142),
(2679,1520,44),
(2680,1539,4),
(2681,1597,40),
(2682,1619,144),
(2683,1574,150),
(2684,1540,130),
(2685,1521,129),
(2686,1598,40),
(2687,1541,4),
(2688,1575,33),
(2691,1522,135),
(2692,1523,154),
(2693,1599,181),
(2694,1542,130),
(2695,1637,70),
(2696,1637,143),
(2697,1637,71),
(2698,1576,151),
(2699,1524,119),
(2700,1600,40),
(2701,1620,29),
(2702,1601,123),
(2703,1543,11),
(2704,1544,168),
(2706,1621,156),
(2707,1602,40),
(2708,1638,183),
(2709,1638,182),
(2710,1639,184),
(2711,1639,185),
(2712,1639,186),
(2713,1603,40),
(2714,1604,166),
(2715,1605,2),
(2716,1545,4),
(2717,1546,15),
(2718,1606,187),
(2719,1607,166),
(2720,1525,165),
(2721,1622,144),
(2722,1526,73),
(2723,1577,150),
(2724,1547,13),
(2726,1548,188),
(2728,1549,10),
(2729,1527,119),
(2730,1528,73),
(2731,1578,151),
(2732,1608,181),
(2733,1623,24),
(2734,1579,151),
(2735,1550,142),
(2736,1609,123),
(2737,1624,29),
(2738,1581,151),
(2739,1529,73),
(2740,1530,73),
(2741,1582,151),
(2742,1610,187),
(2743,1640,41),
(2744,1640,50),
(2745,1640,164),
(2746,1531,154),
(2747,1611,181),
(2748,1532,135),
(2749,1583,157),
(2750,1584,151),
(2751,1585,34),
(2752,1641,189),
(2753,1641,190),
(2754,1641,191),
(2755,1586,34),
(2757,1612,123),
(2758,1642,180),
(2759,1642,80),
(2760,1642,179),
(2761,1613,163),
(2762,1614,40),
(2763,1587,157),
(2764,1588,150),
(2765,1643,41),
(2766,1643,50),
(2767,1643,164),
(2768,1589,151),
(2769,1590,34),
(2770,1615,166),
(2771,1551,155),
(2772,1591,151),
(2773,1616,40),
(2774,1592,151),
(2775,1617,181),
(2777,1593,151),
(2778,1625,26),
(2779,1552,15),
(2780,1553,19),
(2781,1554,142),
(2782,1626,144),
(2783,1555,10),
(2784,1556,124),
(2785,1627,146),
(2786,1618,146),
(2787,1628,156),
(2788,1629,26),
(2789,1557,19),
(2790,1630,118),
(2791,1558,15),
(2792,1631,24),
(2793,1559,18),
(2794,1560,168),
(2795,1561,192),
(2796,1632,26),
(2797,1633,146),
(2798,1634,156),
(2799,1562,158),
(2800,1563,10),
(2801,1635,118),
(2802,1564,60),
(2803,1565,15),
(2804,1566,161),
(2805,1567,5),
(2806,1568,15),
(2807,1569,10),
(2808,1570,168),
(2809,1571,19),
(2810,1572,10),
(2811,1645,119),
(2812,1646,135),
(2813,1732,11),
(2814,1733,153),
(2815,1734,155),
(2816,1647,129),
(2817,1735,130),
(2818,1648,135),
(2819,1736,142),
(2820,1685,34),
(2824,1707,184),
(2825,1707,185),
(2826,1707,186),
(2827,1715,144),
(2828,1661,181),
(2829,1686,34),
(2830,1737,142),
(2831,1738,142),
(2832,1662,187),
(2833,1739,174),
(2834,1716,144),
(2835,1740,15),
(2836,1687,151),
(2837,1741,4),
(2838,1663,40),
(2839,1742,4),
(2840,1664,187),
(2841,1688,34),
(2842,1649,154),
(2843,1717,170),
(2844,1665,187),
(2845,1743,15),
(2846,1708,172),
(2847,1708,171),
(2848,1708,173),
(2849,1689,193),
(2850,1744,155),
(2851,1666,187),
(2852,1650,135),
(2853,1651,41),
(2854,1718,144),
(2855,1745,10),
(2856,1690,175),
(2857,1667,40),
(2858,1709,172),
(2859,1709,171),
(2860,1709,173),
(2861,1719,144),
(2862,1652,3),
(2864,1653,135),
(2865,1668,181),
(2866,1669,187),
(2867,1746,15),
(2868,1691,169),
(2869,673,2),
(2870,1747,194),
(2872,1748,142),
(2873,1654,129),
(2874,1720,144),
(2875,1655,165),
(2876,1749,161),
(2877,1721,170),
(2878,1692,34),
(2879,1750,19),
(2880,1751,4);
/*!40000 ALTER TABLE `RoundWinner` ENABLE KEYS */;
UNLOCK TABLES;

--
-- Table structure for table `Season`
--

DROP TABLE IF EXISTS `Season`;
/*!40101 SET @saved_cs_client     = @@character_set_client */;
/*!40101 SET character_set_client = utf8mb4 */;
CREATE TABLE `Season` (
  `Id` int(11) NOT NULL AUTO_INCREMENT,
  `Sport` varchar(50) NOT NULL,
  `Label` varchar(100) DEFAULT NULL,
  `WinningTeam` int(11) DEFAULT NULL,
  PRIMARY KEY (`Id`),
  KEY `Season_Sport_FK` (`Sport`),
  KEY `Season_Team_FK` (`WinningTeam`),
  CONSTRAINT `Season_Sport_FK` FOREIGN KEY (`Sport`) REFERENCES `Sport` (`Name`),
  CONSTRAINT `Season_Team_FK` FOREIGN KEY (`WinningTeam`) REFERENCES `Team` (`Id`)
) ENGINE=InnoDB AUTO_INCREMENT=86 DEFAULT CHARSET=utf8mb4 COLLATE=utf8mb4_uca1400_ai_ci;
/*!40101 SET character_set_client = @saved_cs_client */;

--
-- Dumping data for table `Season`
--

LOCK TABLES `Season` WRITE;
/*!40000 ALTER TABLE `Season` DISABLE KEYS */;
INSERT INTO `Season` VALUES
(1,'F1','',2),
(3,'NASCAR','Monster Energy Cup Series 2017',8),
(6,'F1',NULL,2),
(7,'Indycar',NULL,14),
(8,'MotoGP','',24),
(9,'FE','',30),
(10,'WEC','',36),
(11,'NASCAR','Monster Energy Cup Series 2018',10),
(12,'FE',NULL,31),
(13,'WEC','Super Season',37),
(14,'MotoGP',NULL,24),
(15,'Indycar',NULL,18),
(16,'F1',NULL,2),
(17,'MotoGP',NULL,24),
(18,'NASCAR','Sprint Cup Series 2016',4),
(19,'Indycar',NULL,14),
(20,'FE',NULL,30),
(21,'WEC',NULL,36),
(22,'FE',NULL,30),
(23,'F1',NULL,2),
(24,'MotoGP',NULL,20),
(25,'NASCAR','Sprint Cup Series 2015',5),
(26,'Indycar',NULL,18),
(27,'WEC',NULL,36),
(28,'F1',NULL,2),
(29,'MotoGP',NULL,24),
(30,'NASCAR','Sprint Cup Series 2014',9),
(31,'Indycar',NULL,14),
(32,'WEC',NULL,37),
(33,'F1',NULL,7),
(34,'MotoGP',NULL,24),
(35,'NASCAR','Sprint Cup Series 2013',4),
(36,'Indycar',NULL,18),
(37,'F1',NULL,7),
(38,'MotoGP',NULL,20),
(39,'NASCAR','Sprint Cup Series 2012',10),
(40,'Indycar',NULL,17),
(41,'F1',NULL,7),
(42,'MotoGP',NULL,24),
(43,'NASCAR','Sprint Cup Series 2011',9),
(44,'Indycar',NULL,18),
(45,'FE',NULL,34),
(46,'NASCAR','Monster Energy Cup Series 2019',5),
(47,'MotoGP',NULL,24),
(48,'Indycar',NULL,14),
(49,'F1',NULL,2),
(50,'WEC',NULL,37),
(51,'FE',NULL,34),
(52,'NASCAR','Cup Series 2020',4),
(53,'MotoGP',NULL,39),
(54,'F1',NULL,2),
(55,'Indycar',NULL,18),
(56,'NASCAR',NULL,4),
(57,'Indycar',NULL,18),
(58,'WEC',NULL,37),
(59,'FE',NULL,60),
(60,'MotoGP',NULL,21),
(61,'F1',NULL,2),
(62,'FE',NULL,60),
(63,'Indycar',NULL,14),
(64,'NASCAR',NULL,10),
(65,'MotoGP',NULL,21),
(66,'F1',NULL,7),
(67,'WEC',NULL,37),
(68,'FE',NULL,26),
(69,'MotoGP',NULL,66),
(70,'F1',NULL,7),
(71,'WEC',NULL,37),
(72,'Indycar',NULL,18),
(73,'NASCAR',NULL,10),
(74,'FE',NULL,33),
(75,'NASCAR',NULL,10),
(76,'MotoGP',NULL,21),
(77,'F1',NULL,52),
(78,'Indycar',NULL,18),
(79,'WEC',NULL,37),
(80,'FE',NULL,NULL),
(81,'F1',NULL,NULL),
(82,'MotoGP',NULL,NULL),
(83,'WEC',NULL,NULL),
(84,'Indycar',NULL,NULL),
(85,'NASCAR',NULL,NULL);
/*!40000 ALTER TABLE `Season` ENABLE KEYS */;
UNLOCK TABLES;

--
-- Table structure for table `SeasonEntry`
--

DROP TABLE IF EXISTS `SeasonEntry`;
/*!40101 SET @saved_cs_client     = @@character_set_client */;
/*!40101 SET character_set_client = utf8mb4 */;
CREATE TABLE `SeasonEntry` (
  `Season` int(11) NOT NULL,
  `Team` int(11) NOT NULL,
  `Name` varchar(50) NOT NULL,
  PRIMARY KEY (`Season`,`Team`),
  KEY `SeasonEntry_Team_FK` (`Team`),
  CONSTRAINT `SeasonEntry_Season_FK` FOREIGN KEY (`Season`) REFERENCES `Season` (`Id`),
  CONSTRAINT `SeasonEntry_Team_FK` FOREIGN KEY (`Team`) REFERENCES `Team` (`Id`)
) ENGINE=InnoDB DEFAULT CHARSET=utf8mb4 COLLATE=utf8mb4_uca1400_ai_ci;
/*!40101 SET character_set_client = @saved_cs_client */;

--
-- Dumping data for table `SeasonEntry`
--

LOCK TABLES `SeasonEntry` WRITE;
/*!40000 ALTER TABLE `SeasonEntry` DISABLE KEYS */;
INSERT INTO `SeasonEntry` VALUES
(1,1,'Scuderia Ferrari'),
(1,2,'Mercedes AMG Petronas Motorsport'),
(1,7,'Red Bull Racing'),
(3,4,'Hendrick Motorsports'),
(3,5,'Joe Gibbs Racing'),
(3,6,'Roush Fenway Racing'),
(3,8,'Furniture Row Racing'),
(3,9,'Stewart-Haas Racing'),
(3,10,'Team Penske'),
(3,11,'Chip Ganassi Racing'),
(3,12,'Richard Childress Racing'),
(3,13,'Wood Brothers Racing'),
(6,1,'Scuderia Ferrari'),
(6,2,'Mercedes AMG Petronas Motorsport'),
(6,7,'Aston Martin Red Bull Racing'),
(7,14,'Team Penske'),
(7,15,'Dale Coyne Racing'),
(7,16,'Schmidt Peterson Motorsports'),
(7,17,'Andretti Autosport'),
(7,18,'Chip Ganassi Racing'),
(7,19,'Rahal Letterman Lanigan Racing'),
(8,20,'Movistar Yamaha MotoGP'),
(8,21,'Ducati Team'),
(8,24,'Repsol Honda Team'),
(9,26,'DS Virgin Racing'),
(9,30,'Renault e.Dams'),
(9,31,'ABT Schaeffler Audi Sport'),
(9,32,'Mahindra Racing'),
(9,34,'Techeetah'),
(10,36,'Porsche LMP Team'),
(10,37,'Toyota Gazoo Racing'),
(11,4,'Hendrick Motorsports'),
(11,5,'Joe Gibbs Racing'),
(11,8,'Furniture Row Racing'),
(11,9,'Stewart-Haas Racing'),
(11,10,'Team Penske'),
(11,12,'Richard Childress Racing'),
(11,49,'JTG Daugherty Racing'),
(12,26,'DS Virgin Racing'),
(12,31,'Audi Sport ABT Schaeffler'),
(12,32,'Mahindra Racing'),
(12,34,'Techeetah'),
(13,37,'Toyota Gazoo Racing'),
(13,55,'Rebellion Racing'),
(14,20,'Movistar Yamaha MotoGP'),
(14,21,'Ducati Team'),
(14,24,'Repsol Honda Team'),
(14,25,'LCR Honda'),
(15,14,'Team Penske'),
(15,15,'Dale Coyne Racing'),
(15,16,'Schmidt Peterson Motorsports'),
(15,17,'Andretti Autosport'),
(15,18,'Chip Ganassi Racing'),
(15,19,'Rahal Letterman Lanigan Racing'),
(16,2,'Mercedes AMG Petronas Motorsport'),
(16,7,'Red Bull Racing'),
(17,20,'Movistar Yamaha MotoGP'),
(17,21,'Ducati Team'),
(17,22,'Estrella Galicia 0,0 Marc VDS'),
(17,24,'Repsol Honda Team'),
(17,25,'LCR Honda'),
(17,39,'Team Suzuki Ecstar'),
(18,4,'Hendrick Motorsports'),
(18,5,'Joe Gibbs Racing'),
(18,8,'Furniture Row Racing'),
(18,9,'Stewart-Haas Racing'),
(18,10,'Team Penske'),
(18,11,'Chip Ganassi Racing'),
(18,40,'Front Row Motorsports'),
(19,14,'Team Penske'),
(19,17,'Andretti Autosport'),
(19,18,'Chip Ganassi Racing'),
(19,19,'Rahal Letterman Lanigan Racing'),
(19,41,'Ed Carpenter Racing'),
(19,42,'KVSH Racing'),
(20,26,'DS Virgin Racing Formula E Team'),
(20,29,'Dragon Racing'),
(20,30,'Renault e.Dams'),
(20,31,'ABT Schaeffler Audi Sport'),
(21,36,'Porsche Team'),
(21,37,'Toyota Gazoo Racing'),
(21,44,'Audi Sport Team Joest'),
(22,26,'Virgin Racing'),
(22,29,'Dragon Racing'),
(22,30,'Renault e.Dams'),
(22,31,'Audi Sport ABT'),
(22,45,'Amlin Aguri'),
(22,46,'NEXTEV TCR'),
(23,1,'Scuderia Ferrari'),
(23,2,'Mercedes AMG Petronas F1 Team'),
(24,20,'Movistar Yamaha MotoGP'),
(24,24,'Repsol Honda Team'),
(25,4,'Hendrick Motorsports'),
(25,5,'Joe Gibbs Racing'),
(25,8,'Furniture Row Racing'),
(25,9,'Stewart-Haas Racing'),
(25,10,'Team Penske'),
(25,47,'Michael Waltrip Racing'),
(26,14,'Team Penske'),
(26,16,'Schmidt Peterson Motorsports'),
(26,17,'Andretti Autosport'),
(26,18,'Chip Ganassi Racing'),
(26,19,'Rahal Letterman Lanigan Racing'),
(26,41,'CFH Racing'),
(26,42,'KV Racing Technology'),
(27,36,'Porsche Team'),
(27,37,'Toyota Racing'),
(27,44,'Audi Sport Team Joest'),
(28,1,'Scuderia Ferrari'),
(28,2,'Mercedes AMG Petronas F1 Team	'),
(28,7,'Infiniti Red Bull Racing'),
(29,20,'Movistar Yamaha MotoGP'),
(29,24,'Repsol Honda Team'),
(30,4,'Hendrick Motorsports'),
(30,5,'Joe Gibbs Racing'),
(30,6,'Roush Fenway Racing'),
(30,9,'Stewart-Haas Racing'),
(30,10,'Team Penske'),
(30,11,'Chip Ganassi Racing'),
(30,47,'Michael Waltrip Racing'),
(30,48,'Richard Petty Motorsports'),
(30,49,'JTG Daugherty Racing'),
(31,14,'Team Penske'),
(31,15,'Dale Coyne Racing'),
(31,16,'Schmidt Peterson Motorsports'),
(31,17,'Andretti Autosport'),
(31,18,'Chip Ganassi Racing'),
(31,41,'Ed Carpenter Racing'),
(31,42,'KV Racing Technology'),
(32,36,'Porsche Team'),
(32,37,'Toyota Racing'),
(32,44,'Audi Sport Team Joest'),
(33,1,'Scuderia Ferrari'),
(33,2,'Mercedes AMG Petronas F1 Team'),
(33,7,'Infiniti Red Bull Racing'),
(33,50,'Lotus F1 Team'),
(34,20,'Yamaha Factory Racing'),
(34,24,'Repsol Honda Team'),
(35,4,'Hendrick Motorsports'),
(35,5,'Joe Gibbs Racing'),
(35,6,'Roush Fenway Racing'),
(35,9,'Stewart-Haas Racing'),
(35,10,'Penske Racing'),
(35,11,'Earnhardt Ganassi Racing'),
(35,12,'Richard Childress Racing'),
(35,40,'Front Row Motorsports'),
(35,47,'Michael Waltrip Racing'),
(36,14,'Team Penske'),
(36,15,'Dale Coyne Racing'),
(36,16,'Schmidt Peterson Hamilton HP Motorsports'),
(36,17,'Andretti Autosport'),
(36,18,'Chip Ganassi Racing'),
(36,42,'KV Racing Technology'),
(36,51,'A. J. Foyt Enterprises'),
(37,1,'Scuderia Ferrari'),
(37,2,'Mercedes AMG Petronas F1 Team'),
(37,3,'Williams F1 Team'),
(37,7,'Red Bull Racing'),
(37,50,'Lotus F1 Team'),
(37,52,'Vodafone McLaren Mercedes'),
(38,20,'Yamaha Factory Racing'),
(38,24,'Repsol Honda Team'),
(39,4,'Hendrick Motorsports'),
(39,5,'Joe Gibbs Racing'),
(39,6,'Roush Fenway Racing'),
(39,9,'Stewart-Haas Racing'),
(39,10,'Penske Racing'),
(39,12,'Richard Childress Racing'),
(39,47,'Michael Waltrip Racing'),
(39,48,'Richard Petty Motorsports'),
(40,14,'Team Penske'),
(40,15,'Dale Coyne Racing'),
(40,17,'Andretti Autosport'),
(40,18,'Chip Ganassi Racing'),
(40,41,'Ed Carpenter Racing'),
(41,1,'Scuderia Ferrari'),
(41,7,'Red Bull Racing'),
(41,52,'Vodafone McLaren Mercedes'),
(42,20,'Yamaha Factory Racing'),
(42,24,'Repsol Honda Team'),
(43,4,'Hendrick Motorsports'),
(43,5,'Joe Gibbs Racing'),
(43,6,'Roush Fenway Racing'),
(43,8,'Furniture Row Racing'),
(43,9,'Stewart-Haas Racing'),
(43,10,'Penske Racing'),
(43,12,'Richard Childress Racing'),
(43,13,'Wood Brothers Racing'),
(43,48,'Richard Petty Motorsports'),
(44,14,'Team Penske'),
(44,17,'Andretti Autosport'),
(44,18,'Chip Ganassi Racing'),
(44,53,'Sarah Fisher Racing'),
(44,54,'Bryan Herta Autosport'),
(45,26,'Envision Virgin Racing'),
(45,28,'Venturi Formula E Team'),
(45,30,'Nissan e.Dams'),
(45,31,'Audi Sport Abt Schaeffler'),
(45,32,'Mahindra Racing'),
(45,33,'Panasonic Jaguar Racing'),
(45,34,'DS Techeetah Formula E Team'),
(45,35,'BMW i Andretti Motorsport'),
(46,4,'Hendrick Motorsports'),
(46,5,'Joe Gibbs Racing'),
(46,9,'Stewart-Haas Racing'),
(46,10,'Team Penske'),
(46,11,'Chip Ganassi Racing'),
(46,57,'Spire Motorsports '),
(47,20,'Monster Energy Yamaha MotoGP'),
(47,21,'Mission Winnow Ducati'),
(47,24,'Repsol Honda Team'),
(47,39,'Team SUZUKI ECSTAR'),
(48,14,'Team Penske'),
(48,17,'Andretti Autosport'),
(48,18,'Chip Ganassi Racing'),
(48,19,'Rahal Letterman Lanigan Racing'),
(48,56,'Harding Steinbrenner Racing'),
(49,1,'Scuderia Ferrari'),
(49,2,'Mercedes AMG Petronas Motorsport'),
(49,7,'Aston Martin Red Bull Racing'),
(50,37,'Toyota Gazoo Racing'),
(50,55,'Rebellion Racing'),
(51,26,'Envision Virgin Racing'),
(51,30,'Nissan e.Dams'),
(51,33,'Panasonic Jaguar Racing'),
(51,34,'DS Techeetah'),
(51,35,'BMW i Andretti Motorsport'),
(51,60,'Mercedes-Benz EQ Formula E Team'),
(52,4,'Hendrick Motorsports'),
(52,5,'Joe Gibbs Racing'),
(52,9,'Stewart-Haas Racing'),
(52,10,'Team Penske'),
(52,11,'Chip Ganassi Racing'),
(52,12,'Richard Childress Racing'),
(52,13,'Wood Brothers Racing'),
(53,20,'Monster Energy Yamaha MotoGP'),
(53,21,'Ducati Team'),
(53,23,'Red Bull KTM Tech3'),
(53,39,'Team Suzuki Ecstar'),
(53,58,'Petronas Yamaha SRT'),
(53,59,'Red Bull KTM Factory Racing'),
(54,2,'Mercedes AMG Petronas Motorsport'),
(54,7,'Aston Martin Red Bull Racing'),
(54,62,'Scuderia AlphaTauri'),
(54,63,'BWT Racing Point F1 Team'),
(55,14,'Team Penske'),
(55,17,'Andretti Autosport'),
(55,18,'Chip Ganassi Racing'),
(55,19,'Rahal Letterman Lanigan Racing'),
(56,4,'Hendrick Motorsports'),
(56,5,'Joe Gibbs Racing'),
(56,9,'Stewart-Haas Racing'),
(56,10,'Team Penske'),
(56,11,'Chip Ganassi Racing'),
(56,12,'Richard Childress Racing'),
(56,40,'Front Row Motorsports'),
(56,67,'Kaulig Racing'),
(56,68,'23XI Racing'),
(57,14,'Team Penske'),
(57,17,'Andretti Autosport'),
(57,18,'Chip Ganassi Racing'),
(57,41,'Ed Carpenter Racing'),
(57,64,'Arrow McLaren SP'),
(57,65,'Meyer Shank Racing'),
(58,37,'Toyota Gazoo Racing'),
(59,28,'ROKiT Venturi Racing'),
(59,31,'Audi Sport'),
(59,32,'Mahindra Racing'),
(59,33,'Jaguar Racing'),
(59,34,'DS Techeetah'),
(59,35,'BMW i Andretti Motorsport'),
(59,60,'Mercedes-Benz EQ Formula E Team'),
(60,20,'Monster Energy Yamaha MotoGP'),
(60,21,'Ducati Lenovo Team'),
(60,24,'Repsol Honda Team'),
(60,59,'Red Bull KTM Factory Racing'),
(60,66,'Pramac Racing'),
(61,2,'Mercedes-AMG Petronas F1 Team'),
(61,7,'Red Bull Racing'),
(61,50,'Alpine F1 Team'),
(61,52,'McLaren F1 Team'),
(62,26,'Envision Racing'),
(62,28,'ROKiT Venturi Racing'),
(62,33,'Jaguar TCS Racing'),
(62,34,'DS Techeetah'),
(62,35,'Avalanche Andretti '),
(62,60,'Mercedes EQ'),
(62,69,'Tag Heuer Porsche Formula E Team'),
(63,14,'Team Penske'),
(63,17,'Andretti Autosport'),
(63,18,'Chip Ganassi Racing'),
(63,64,'Arrow McLaren SP'),
(64,4,'Hendrick Motorsports'),
(64,5,'Joe Gibbs Racing'),
(64,6,'Roush Fenway Keselowski Racing'),
(64,9,'Stewart-Haas Racing'),
(64,10,'Team Penske'),
(64,12,'Richard Childress Racing'),
(64,48,'Petty GMS'),
(64,68,'23XI Racing'),
(64,72,'Trackhouse Racing Team'),
(65,20,'Monster Energy Yamaha MotoGP'),
(65,21,'Ducati Lenovo Team'),
(65,39,'Team Suzuki Ecstar'),
(65,59,'Red Bull KTM Factory Racing'),
(65,70,'Gresini Racing MotoGP'),
(65,73,'Aprilia Racing'),
(66,1,'Scuderia Ferrari'),
(66,2,'Mercedes-AMG Petronas F1 Team'),
(66,7,'Oracle Red Bull Racing'),
(67,37,'Toyota Gazoo Racing'),
(67,71,'Alpine Elf Matmut'),
(68,26,'Envision Racing'),
(68,28,'Maserati MSG Racing'),
(68,33,'Jaguar TCS Racing'),
(68,34,'DS Penske'),
(68,35,'Avalanche Andretti'),
(68,69,'Tag Heuer Porsche'),
(69,21,'Ducati Lenovo Team'),
(69,25,'LCR Honda Castrol'),
(69,66,'Prima Pramac Racing'),
(69,70,'Gresini Racing MotoGP'),
(69,73,'Aprilia Racing'),
(69,74,'Mooney VR46 Racing Team'),
(70,1,'Scuderia Ferrari'),
(70,7,'Oracle Red Bull Racing'),
(71,37,'Toyota Gazoo Racing'),
(71,75,'Ferrari AF Corse'),
(72,14,'Team Penske'),
(72,17,'Andretti Autosport'),
(72,18,'Chip Ganassi Racing'),
(72,19,'Rahal Letterman Lanigan Racing'),
(73,4,'Hendrick Motorsports'),
(73,5,'Joe Gibbs Racing'),
(73,6,'Roush Fenway Keselowski Racing'),
(73,9,'Stewart-Haas Racing'),
(73,10,'Team Penske'),
(73,12,'Richard Childress Racing'),
(73,40,'Front Row Motorsports'),
(73,49,'JTG Daugherty Racing'),
(73,67,'Kaulig Racing'),
(73,68,'23XI Racing'),
(73,72,'Trackhouse Racing Team'),
(74,28,'Maserati MSG Racing'),
(74,30,'Nissan Formula E Team'),
(74,33,'Jaguar TCS Racing'),
(74,35,'Andretti Formula E'),
(74,69,'TAG Heuer Porsche Formula E Team'),
(74,77,'NEOM McLaren Formula E Team'),
(75,4,'Hendrick Motorsports'),
(75,5,'Joe Gibbs Racing'),
(75,6,'Roush Fenway Keselowski Racing'),
(75,9,'Stewart-Haas Racing'),
(75,10,'Team Penske'),
(75,12,'Richard Childress Racing'),
(75,13,'Wood Brothers Racing'),
(75,49,'JTG Daugherty Racing'),
(75,68,'23XI Racing'),
(75,72,'Trackhouse Racing Team'),
(76,21,'Ducati Lenovo Team'),
(76,66,'Prima Pramac Racing'),
(76,70,'Gresini Racing MotoGP'),
(76,73,'Aprilia Racing'),
(77,1,'Scuderia Ferrari'),
(77,2,'Mercedes AMG Petronas Formula One Team'),
(77,7,'Oracle Red Bull Racing'),
(77,52,'McLaren Formula 1 Team'),
(78,14,'Team Penske'),
(78,17,'Andretti Global'),
(78,18,'Chip Ganassi Racing'),
(78,64,'Arrow McLaren'),
(79,37,'Toyota Gazoo Racing'),
(79,75,'Ferrari AF Corse'),
(79,76,'Porsche Penske Motorsport'),
(79,78,'Hertz Team Jota'),
(79,79,'AF Corse'),
(80,26,'Envision Racing'),
(80,28,'Maserati MSG Racing'),
(80,30,'Nissan Formula E Team'),
(80,33,'Jaguar TCS Racing'),
(80,34,'DS Penske'),
(80,69,'TAG Heuer Porsche Formula E Team'),
(81,7,'Oracle Red Bull Racing'),
(81,52,'McLaren Formula 1 Team'),
(82,21,'Ducati Lenovo Team'),
(82,25,'Castrol LCR Honda'),
(82,70,'Gresini Racing MotoGP'),
(82,73,'Aprilia Racing'),
(83,75,'Ferrari AF Corse'),
(84,17,'Andretti Global'),
(84,18,'Chip Ganassi Racing'),
(85,4,'Hendrick Motorsports'),
(85,5,'Joe Gibbs Racing'),
(85,10,'Team Penske'),
(85,13,'Wood Brothers Racing'),
(85,57,'Spire Motorsports '),
(85,68,'23XI Racing'),
(85,72,'Trackhouse Racing Team');
/*!40000 ALTER TABLE `SeasonEntry` ENABLE KEYS */;
UNLOCK TABLES;

--
-- Table structure for table `SeasonWinner`
--

DROP TABLE IF EXISTS `SeasonWinner`;
/*!40101 SET @saved_cs_client     = @@character_set_client */;
/*!40101 SET character_set_client = utf8mb4 */;
CREATE TABLE `SeasonWinner` (
  `Id` int(11) NOT NULL AUTO_INCREMENT,
  `Season` int(11) NOT NULL,
  `Participant` int(11) NOT NULL,
  PRIMARY KEY (`Id`),
  KEY `SeasonWinner_Participant_FK` (`Participant`),
  KEY `SeasonWinner_Season_FK` (`Season`),
  CONSTRAINT `SeasonWinner_Participant_FK` FOREIGN KEY (`Participant`) REFERENCES `Participant` (`Id`),
  CONSTRAINT `SeasonWinner_Season_FK` FOREIGN KEY (`Season`) REFERENCES `Season` (`Id`)
) ENGINE=InnoDB AUTO_INCREMENT=129 DEFAULT CHARSET=utf8mb4 COLLATE=utf8mb4_uca1400_ai_ci;
/*!40101 SET character_set_client = @saved_cs_client */;

--
-- Dumping data for table `SeasonWinner`
--

LOCK TABLES `SeasonWinner` WRITE;
/*!40000 ALTER TABLE `SeasonWinner` DISABLE KEYS */;
INSERT INTO `SeasonWinner` VALUES
(8,1,2),
(20,8,34),
(21,9,42),
(22,10,48),
(23,10,49),
(24,10,50),
(25,7,24),
(27,16,55),
(29,18,16),
(30,19,25),
(31,20,41),
(32,21,64),
(33,21,65),
(34,21,66),
(35,22,74),
(36,23,2),
(37,24,38),
(38,25,17),
(39,26,29),
(40,27,49),
(41,27,50),
(42,27,72),
(43,28,2),
(44,29,34),
(45,30,20),
(46,31,26),
(47,32,41),
(48,32,46),
(49,33,1),
(50,34,34),
(51,17,34),
(52,35,16),
(53,36,29),
(54,37,1),
(55,38,38),
(56,39,13),
(57,40,78),
(58,41,1),
(59,42,100),
(60,43,59),
(61,44,102),
(63,12,45),
(65,14,34),
(66,6,2),
(67,15,29),
(69,11,10),
(70,3,9),
(74,13,92),
(75,13,41),
(76,13,47),
(77,45,45),
(79,47,34),
(80,49,2),
(81,48,24),
(82,46,17),
(83,51,73),
(84,53,139),
(85,54,2),
(86,50,70),
(87,50,71),
(88,50,116),
(89,55,29),
(90,52,11),
(91,59,143),
(93,60,133),
(94,57,144),
(95,61,40),
(96,58,70),
(97,58,71),
(98,58,116),
(99,56,15),
(100,62,3),
(101,66,40),
(102,65,151),
(106,67,41),
(107,67,50),
(108,67,164),
(109,63,26),
(110,64,10),
(112,68,145),
(113,71,41),
(114,71,50),
(115,71,164),
(116,70,40),
(117,69,151),
(118,72,144),
(119,73,19),
(120,74,154),
(121,79,180),
(122,79,80),
(123,79,179),
(125,76,150),
(126,77,40),
(127,78,144),
(128,75,10);
/*!40000 ALTER TABLE `SeasonWinner` ENABLE KEYS */;
UNLOCK TABLES;

--
-- Table structure for table `Sport`
--

DROP TABLE IF EXISTS `Sport`;
/*!40101 SET @saved_cs_client     = @@character_set_client */;
/*!40101 SET character_set_client = utf8mb4 */;
CREATE TABLE `Sport` (
  `Name` varchar(50) NOT NULL,
  `FullName` varchar(100) DEFAULT NULL,
  PRIMARY KEY (`Name`)
) ENGINE=InnoDB DEFAULT CHARSET=utf8mb4 COLLATE=utf8mb4_uca1400_ai_ci;
/*!40101 SET character_set_client = @saved_cs_client */;

--
-- Dumping data for table `Sport`
--

LOCK TABLES `Sport` WRITE;
/*!40000 ALTER TABLE `Sport` DISABLE KEYS */;
INSERT INTO `Sport` VALUES
('F1','Formula 1'),
('FE','Formula E'),
('Indycar','Indycar'),
('MotoGP','MotoGP'),
('NASCAR','NASCAR'),
('WEC','World Endurance Championship');
/*!40000 ALTER TABLE `Sport` ENABLE KEYS */;
UNLOCK TABLES;

--
-- Table structure for table `Status`
--

DROP TABLE IF EXISTS `Status`;
/*!40101 SET @saved_cs_client     = @@character_set_client */;
/*!40101 SET character_set_client = utf8mb4 */;
CREATE TABLE `Status` (
  `Name` varchar(20) NOT NULL,
  `Step` tinyint(4) NOT NULL,
  PRIMARY KEY (`Name`)
) ENGINE=InnoDB DEFAULT CHARSET=utf8mb4 COLLATE=utf8mb4_uca1400_ai_ci;
/*!40101 SET character_set_client = @saved_cs_client */;

--
-- Dumping data for table `Status`
--

LOCK TABLES `Status` WRITE;
/*!40000 ALTER TABLE `Status` DISABLE KEYS */;
INSERT INTO `Status` VALUES
('Cancelled',3),
('Finished',3),
('Postponed',2),
('ReadyToWatch',1),
('Scheduled',0),
('Stopped',3);
/*!40000 ALTER TABLE `Status` ENABLE KEYS */;
UNLOCK TABLES;

--
-- Table structure for table `Team`
--

DROP TABLE IF EXISTS `Team`;
/*!40101 SET @saved_cs_client     = @@character_set_client */;
/*!40101 SET character_set_client = utf8mb4 */;
CREATE TABLE `Team` (
  `Id` int(11) NOT NULL AUTO_INCREMENT,
  `Name` varchar(50) NOT NULL,
  `Sport` varchar(50) NOT NULL,
  `Country` char(2) NOT NULL,
  PRIMARY KEY (`Id`),
  KEY `Team_Sport_FK` (`Sport`),
  KEY `Team_Country_FK` (`Country`),
  CONSTRAINT `Team_Country_FK` FOREIGN KEY (`Country`) REFERENCES `Country` (`ISO`),
  CONSTRAINT `Team_Sport_FK` FOREIGN KEY (`Sport`) REFERENCES `Sport` (`Name`)
) ENGINE=InnoDB AUTO_INCREMENT=80 DEFAULT CHARSET=utf8mb4 COLLATE=utf8mb4_uca1400_ai_ci;
/*!40101 SET character_set_client = @saved_cs_client */;

--
-- Dumping data for table `Team`
--

LOCK TABLES `Team` WRITE;
/*!40000 ALTER TABLE `Team` DISABLE KEYS */;
INSERT INTO `Team` VALUES
(1,'Scuderia Ferrari','F1','IT'),
(2,'Mercedes AMG Petronas Motorsport','F1','DE'),
(3,'Williams','F1','GB'),
(4,'Hendrick Motorsports','NASCAR','US'),
(5,'Joe Gibbs Racing','NASCAR','US'),
(6,'Roush Fenway Racing','NASCAR','US'),
(7,'Red Bull Racing','F1','AT'),
(8,'Furniture Row Racing','NASCAR','US'),
(9,'Stewart-Haas Racing','NASCAR','US'),
(10,'Team Penske','NASCAR','US'),
(11,'Chip Ganassi Racing','NASCAR','US'),
(12,'Richard Childress Racing','NASCAR','US'),
(13,'Wood Brothers Racing','NASCAR','US'),
(14,'Team Penske','Indycar','US'),
(15,'Dale Coyne Racing','Indycar','US'),
(16,'Schmidt Peterson Motorsports','Indycar','US'),
(17,'Andretti Autosport','Indycar','US'),
(18,'Chip Ganassi Racing','Indycar','US'),
(19,'Rahal Letterman Lanigan Racing','Indycar','US'),
(20,'Yamaha Factory Racing','MotoGP','JP'),
(21,'Ducati Team','MotoGP','IT'),
(22,'Marc VDS Racing','MotoGP','BE'),
(23,'Tech3','MotoGP','FR'),
(24,'Repsol Honda Team','MotoGP','JP'),
(25,'LCR Honda','MotoGP','MC'),
(26,'Virgin Racing','FE','GB'),
(28,'Venturi Formula E','FE','MC'),
(29,'Dragon Racing','FE','US'),
(30,'e.Dams','FE','FR'),
(31,'Audi Sport','FE','DE'),
(32,'Mahindra Racing','FE','IN'),
(33,'Jaguar Racing','FE','GB'),
(34,'Techeetah','FE','CN'),
(35,'Andretti','FE','US'),
(36,'Porsche Team','WEC','DE'),
(37,'Toyota Racing','WEC','JP'),
(39,'Suzuki MotoGP','MotoGP','JP'),
(40,'Front Row Motorsports','NASCAR','US'),
(41,'Ed Carpenter Racing','Indycar','US'),
(42,'KV Racing Technology','Indycar','US'),
(44,'Audi Sport Team Joest','WEC','DE'),
(45,'Team Aguri','FE','JP'),
(46,'NIO','FE','CN'),
(47,'Michael Waltrip Racing','NASCAR','US'),
(48,'Richard Petty Motorsports','NASCAR','US'),
(49,'JTG Daugherty Racing','NASCAR','US'),
(50,'Lotus F1 Team','F1','GB'),
(51,'A. J. Foyt Enterprises','Indycar','US'),
(52,'McLaren F1 Team','F1','GB'),
(53,'Sarah Fisher Racing','Indycar','US'),
(54,'Bryan Herta Autosport','Indycar','US'),
(55,'Rebellion Racing','WEC','CH'),
(56,'Harding Steinbrenner Racing','Indycar','US'),
(57,'Spire Motorsports ','NASCAR','US'),
(58,'Petronas Yamaha SRT','MotoGP','MY'),
(59,'KTM Factory Racing','MotoGP','AT'),
(60,'Mercedes-Benz EQ Formula E Team','FE','DE'),
(62,'Scuderia AlphaTauri','F1','IT'),
(63,'Racing Point F1 Team','F1','GB'),
(64,'McLaren','Indycar','US'),
(65,'Meyer Shank Racing','Indycar','US'),
(66,'Pramac Racing','MotoGP','IT'),
(67,'Kaulig Racing','NASCAR','US'),
(68,'23XI Racing','NASCAR','US'),
(69,'Porsche Formula E Team','FE','DE'),
(70,'Gresini Racing','MotoGP','IT'),
(71,'Alpine','WEC','FR'),
(72,'Trackhouse Racing Team','NASCAR','US'),
(73,'Aprilia Racing','MotoGP','IT'),
(74,'VR46 Racing Team','MotoGP','IT'),
(75,'Ferrari AF Corse','WEC','IT'),
(76,'Porsche Penske Motorsport','WEC','DE'),
(77,'McLaren Formula E Team','FE','GB'),
(78,'Team Jota','WEC','GB'),
(79,'AF Corse','WEC','IT');
/*!40000 ALTER TABLE `Team` ENABLE KEYS */;
UNLOCK TABLES;

--
-- Table structure for table `User`
--

DROP TABLE IF EXISTS `User`;
/*!40101 SET @saved_cs_client     = @@character_set_client */;
/*!40101 SET character_set_client = utf8mb4 */;
CREATE TABLE `User` (
  `Id` varchar(36) NOT NULL,
  `Username` varchar(255) NOT NULL,
  `PasswordHash` varbinary(50) NOT NULL,
  `Salt` varbinary(50) NOT NULL,
  `Iterations` int(11) NOT NULL,
  `Prf` varchar(10) NOT NULL,
  `ForceChangePassword` tinyint(1) NOT NULL DEFAULT 0,
  `Title` varchar(255) DEFAULT NULL,
  `GivenName` varchar(255) DEFAULT NULL,
  `FamilyName` varchar(255) DEFAULT NULL,
  `EmailAddress` varchar(255) DEFAULT NULL,
  `IsDeleted` tinyint(1) NOT NULL DEFAULT 0,
  PRIMARY KEY (`Id`),
  CONSTRAINT `User_CHECK` CHECK (`Prf` = 'HMACSHA1' or `Prf` = 'HMACSHA256' or `Prf` = 'HMACSHA512')
) ENGINE=InnoDB DEFAULT CHARSET=utf8mb4 COLLATE=utf8mb4_uca1400_ai_ci;
/*!40101 SET character_set_client = @saved_cs_client */;

--
-- Dumping data for table `User`
--

LOCK TABLES `User` WRITE;
/*!40000 ALTER TABLE `User` DISABLE KEYS */;
INSERT INTO `User` VALUES
('8500D15B-7AB3-45A0-9547-00E0F6B4A984','admin',0x45D367F14F8C118D53C3B1227714EB66DD4610D558DA43C890B93592D330155A,0x06B218CD4BB89E89839CB28E1B9F42EB,10000,'HMACSHA512',0,'Mr',NULL,'Admin',NULL,0);
/*!40000 ALTER TABLE `User` ENABLE KEYS */;
UNLOCK TABLES;

--
-- Table structure for table `Venue`
--

DROP TABLE IF EXISTS `Venue`;
/*!40101 SET @saved_cs_client     = @@character_set_client */;
/*!40101 SET character_set_client = utf8mb4 */;
CREATE TABLE `Venue` (
  `Name` varchar(100) NOT NULL,
  `Country` char(2) NOT NULL,
  PRIMARY KEY (`Name`),
  KEY `Venue_Country_FK` (`Country`),
  CONSTRAINT `Venue_Country_FK` FOREIGN KEY (`Country`) REFERENCES `Country` (`ISO`)
) ENGINE=InnoDB DEFAULT CHARSET=utf8mb4 COLLATE=utf8mb4_uca1400_ai_ci;
/*!40101 SET character_set_client = @saved_cs_client */;

--
-- Dumping data for table `Venue`
--

LOCK TABLES `Venue` WRITE;
/*!40000 ALTER TABLE `Venue` DISABLE KEYS */;
INSERT INTO `Venue` VALUES
('Yas Marina Circuit, Abu Dhabi','AE'),
('Puerto Madero Street Circuit','AR'),
('Termas de Río Hondo','AR'),
('Red Bull Ring, Spielberg','AT'),
('Albert Park, Melbourne','AU'),
('Phillip Island Circuit','AU'),
('Baku City Circuit','AZ'),
('Circuit de Spa-Francorchamps','BE'),
('Bahrain International Circuit, Sakhir','BH'),
('Bahrain International Circuit, Sakhir (outer track)','BH'),
('Autódromo Internacional Nelson Piquet','BR'),
('Autódromo José Carlos Pace, Interlagos','BR'),
('Santana Street Circuit, São Paulo','BR'),
('Circuit Gilles Villeneuve, Montréal','CA'),
('Edmonton City Centre Airport','CA'),
('Exhibition Place, Toronto','CA'),
('Montreal Street Circuit','CA'),
('Vancouver Street Circuit','CA'),
('Bern Street Circuit','CH'),
('Zürich Street Circuit','CH'),
('Parque O\'Higgins Circuit','CL'),
('Santiago Street Circuit','CL'),
('Beijing Olympic Green Circuit','CN'),
('Haitang Bay Circuit, Sanya','CN'),
('Shanghai International Circuit','CN'),
('Masaryk Circuit, Brno','CZ'),
('Berlin Street Circuit','DE'),
('Hockenheimring, Hockenheim','DE'),
('Nürburgring','DE'),
('Sachsenring, Hohenstein-Ernstthal','DE'),
('Tempelhof Airport Street Circuit, Berlin','DE'),
('Circuit de Barcelona-Catalunya','ES'),
('Circuit Ricardo Tormo, Valencia','ES'),
('Circuito de Jerez-Ángel Nieto Jerez de la Frontera','ES'),
('Ciudad del Motor de Aragón','ES'),
('Valencia Street Circuit','ES'),
('Kymi Ring, Iitti','FI'),
('Circuit Bugatti, Le Mans','FR'),
('Circuit de la Sarthe, Le Mans','FR'),
('Circuit des Invalides, Paris','FR'),
('Circuit Paul Ricard, Le Castellet','FR'),
('Battersea Park Street Circuit, London','GB'),
('ExCel London','GB'),
('Silverstone Circuit','GB'),
('Hong Kong Central Harbourfront Circuit','HK'),
('Balaton Park Circuit, Balatonfőkajár','HU'),
('Hungaroring, Budapest','HU'),
('Jakarta International e-Prix Circuit','ID'),
('Mandalika International Street Circuit','ID'),
('Buddh International Circuit, New Delhi','IN'),
('Hyderabad Street Circuit','IN'),
('Autodromo Internazionale Enzo e Dino Ferrari, Imola','IT'),
('Autodromo Nazionale Monza','IT'),
('Circuito Cittadino dell\'EUR, Rome','IT'),
('Mugello Circuit, Scarperia','IT'),
('Fuji Speedway','JP'),
('Suzuka Circuit','JP'),
('Tokyo Street Circuit','JP'),
('Twin Ring Motegi','JP'),
('Korea International Circuit, Yeongam','KR'),
('Seoul Street Circuit','KR'),
('Sokol International Racetrack, Almaty','KZ'),
('Circuit International Automobile Moulay El Hassan','MA'),
('Circuit de Monaco, Monte Carlo','MC'),
('Circuit de Monaco, Pool lay-out','MC'),
('Autódromo Hermanos Rodríguez, Mexico City','MX'),
('Autódromo Internacional Miguel E. Abed, Puebla','MX'),
('Putrajaya Street Circuit','MY'),
('Sepang International Circuit, Kuala Lumpur','MY'),
('Circuit Zandvoort','NL'),
('TT Circuit Assen','NL'),
('Autódromo do Estoril','PT'),
('Autódromo Internacional do Algarve, Portimão','PT'),
('Losail Circuit','QA'),
('Moscow Street Circuit','RU'),
('Sochi Autodrom','RU'),
('Jeddah Corniche Circuit','SA'),
('Riyadh Street Circuit','SA'),
('Marina Bay Street Circuit, Singapore','SG'),
('Misano World Circuit Marco Simoncelli','SM'),
('Chang International Circuit, Buriram','TH'),
('Istanbul Park','TR'),
('Atlanta Motor Speedway','US'),
('Auto Club Speedway, Fontana','US'),
('Baltimore Street Circuit, Maryland','US'),
('Barber Motorsports Park, Alabama','US'),
('Belle Isle, Detroit','US'),
('Biscayne Bay Street Circuit, Miami','US'),
('Bowman Gray Stadium','US'),
('Bristol Motor Speedway','US'),
('Brooklyn Street Circuit, New York','US'),
('Charlotte Motor Speedway','US'),
('Charlotte Motor Speedway Road Course','US'),
('Chicago Street Course','US'),
('Chicagoland Speedway, Chicago','US'),
('Circuit of the Americas, Austin, Texas','US'),
('Darlington Raceway','US'),
('Daytona International Speedway','US'),
('Daytona International Speedway, Road Course','US'),
('Detroit Downtown Circuit','US'),
('Dover International Speedway','US'),
('Gateway Motorsports Park, St. Louis','US'),
('Homestead-Miami Speedway','US'),
('Indianapolis Motor Speedway','US'),
('Indianapolis Motor Speedway Road Course','US'),
('Iowa Speedway','US'),
('ISM Raceway, Phoenix','US'),
('Kansas Speedway','US'),
('Kentucky Speedway','US'),
('Laguna Seca Raceway','US'),
('Las Vegas Motor Speedway','US'),
('Las Vegas Street Circuit','US'),
('Los Angeles Memorial Coliseum','US'),
('Martinsville Speedway','US'),
('Miami International Autodrome, Miami Gardens','US'),
('Michigan International Speedway','US'),
('Mid-Ohio Sports Car Course, Lexington','US'),
('Milwaukee Mile','US'),
('Nashville Street Circuit','US'),
('Nashville Superspeedway','US'),
('New Hampshire Motor Speedway, Loudon','US'),
('NOLA Motorsports Park, Louisiana','US'),
('North Wilkesboro Speedway','US'),
('Pocono Raceway','US'),
('Portland International Raceway','US'),
('Reliant Park, Houston','US'),
('Richmond Raceway','US'),
('Road America, Elkhart Lake','US'),
('Sebring International Raceway','US'),
('Sonoma Raceway','US'),
('Streets of Long Beach','US'),
('Streets of St. Petersburg','US'),
('Talladega Superspeedway','US'),
('Texas Motor Speedway','US'),
('The Thermal Club, California','US'),
('Watkins Glen International','US'),
('Punta del Este Street Circuit','UY'),
('Hanoi Street Circuit, Hanoi','VN'),
('Cape Town Street Circuit','ZA');
/*!40000 ALTER TABLE `Venue` ENABLE KEYS */;
UNLOCK TABLES;

--
-- Dumping routines for database 'motorsports'
--
/*!40103 SET TIME_ZONE=@OLD_TIME_ZONE */;

/*!40101 SET SQL_MODE=@OLD_SQL_MODE */;
/*!40014 SET FOREIGN_KEY_CHECKS=@OLD_FOREIGN_KEY_CHECKS */;
/*!40014 SET UNIQUE_CHECKS=@OLD_UNIQUE_CHECKS */;
/*!40101 SET CHARACTER_SET_CLIENT=@OLD_CHARACTER_SET_CLIENT */;
/*!40101 SET CHARACTER_SET_RESULTS=@OLD_CHARACTER_SET_RESULTS */;
/*!40101 SET COLLATION_CONNECTION=@OLD_COLLATION_CONNECTION */;
/*M!100616 SET NOTE_VERBOSITY=@OLD_NOTE_VERBOSITY */;

-- Dump completed on 2025-06-15 10:21:49
